id,name,protein,fat,carbohydrate,vitaminA,vitaminB1,vitaminB2,vitaminB3,vitaminB5,vitaminB6,vitaminB12,vitaminC,vitaminD,vitaminK
1,アマランサス,10,6,64.9,0,0.04,0.14,1,1.69,0.58,0,0,0,0
2,精白粒　,11.2,4.4,69.7,0,0.56,0.07,2.9,1.83,0.18,0,0,0,0
3,あわもち　,5.1,1.3,45.3,0,0.08,0.01,0.3,0.61,0.03,0,0,0,0
4,オートミール　,13.7,5.7,69.1,0,0.2,0.08,1.1,1.29,0.11,0,0,0,0
5,七分つき押麦　,10.9,2.1,72.1,0,0.22,0.07,3.2,0.43,0.14,0,0,0,0
6,押麦　,6.2,1.3,77.8,0,0.06,0.04,1.6,0.46,0.14,0,0,0,0
7,米粒麦　,7,2.1,76.2,0,0.19,0.05,2.3,0.64,0.19,0,0,0,0
8,大麦めん,12.9,1.7,68,0,0.21,0.04,3.5,0.64,0.09,0,0,0,0
9,麦こがし　,12.5,5,77.1,0,0.09,0.1,7.6,0.28,0.09,0,0,0,0
10,精白粒　　　,11.3,3.3,70.9,0,0.34,0.09,3.7,0.95,0.2,0,0,0,0
11,こむぎ　普通　,10.6,3.1,72.2,0,0.41,0.09,6.3,1.03,0.35,0,0,0,0
12,こむぎ　軟質　,10.1,3.3,75.2,0,0.49,0.09,5,1.07,0.34,0,0,0,0
13,こむぎ　硬質　,13,3,69.4,0,0.35,0.09,5.8,1.29,0.34,0,0,0,0
14,薄力粉　1等　,8.3,1.5,75.8,0,0.11,0.03,0.6,0.53,0.03,0,0,0,0
15,薄力粉　2等　,9.3,1.9,74.3,0,0.21,0.04,1,0.62,0.09,0,0,0,0
16,中力粉　1等　,9,1.6,75.1,0,0.1,0.03,0.6,0.47,0.05,0,0,0,0
17,中力粉　2等　,9.7,1.8,74,0,0.22,0.04,1.2,0.66,0.07,0,0,0,0
18,強力粉　1等　,11.8,1.5,71.7,0,0.09,0.04,0.8,0.77,0.06,0,0,0,0
19,強力粉　2等　,12.6,1.7,70.6,0,0.13,0.04,1.1,0.93,0.08,0,0,0,0
20,強力粉　全粒粉　,12.8,2.9,68.2,0,0.34,0.09,5.7,1.27,0.33,0,0,0,0
21,お好み焼き粉,10.1,1.9,73.6,1,0.21,0.03,1.5,0.41,0.07,0.1,0,0.1,1
22,ホットケーキ粉,7.8,4,74.4,9,0.1,0.08,0.5,0.48,0.04,0.1,0,0.1,1
23,から揚げ粉　,10.2,1.2,70,5,0.15,0.07,1.3,0.33,0.12,0,0,0,2
24,天ぷら粉　,8.8,1.3,76.1,1,0.12,0.99,0.9,0.35,0.06,0,0,0,0
25,食パン　　,9.3,4.4,46.7,0,0.07,0.04,1.2,0.47,0.03,0,0,0,0
26,コッペパン　　,8.5,3.8,49.1,0,0.08,0.08,0.7,0.63,0.04,0,0,0,0
27,乾パン　　,9.5,4.4,78.8,0,0.14,0.06,0.9,0.41,0.06,0,0,0,0
28,フランスパン　　,9.4,1.3,57.5,0,0.08,0.05,1.1,0.45,0.04,0,0,0,0
29,ライ麦パン　　,8.4,2.2,52.7,0,0.16,0.06,1.3,0.46,0.09,0,0,0,0
30,ぶどうパン　　,8.2,3.5,51.1,0,0.11,0.05,1.2,0.42,0.07,0,0,0,0
31,ロールパン　　,10.1,9,48.6,1,0.1,0.06,1.3,0.61,0.03,0,0,0.1,0
32,クロワッサン　　,7.9,26.8,43.9,6,0.08,0.03,1,0.44,0.03,0,0,0.1,0
33,イングリッシュマフィン　　,8.1,3.6,40.8,0,0.15,0.08,1.2,0.32,0.05,0,0,0,0
34,ナン　　,10.3,3.4,47.6,0,0.13,0.06,1.3,0.55,0.05,0,0,0,0
35,ベーグル　　,9.6,2,54.6,0,0.19,0.08,2,0.28,0.06,-,-,-,-
36,うどん,6.1,0.6,56.8,0,0.09,0.03,0.6,0.36,0.03,0,0,0,0
37,干しうどん,8.5,1.1,71.9,0,0.08,0.02,0.9,0.45,0.04,0,0,0,0
38,そうめん,9.5,1.1,72.7,0,0.08,0.02,0.9,0.7,0.03,0,0,0,0
39,手延そうめん　,9.3,1.5,68.9,0,0.06,0.02,0.9,0.52,0.03,0,0,0,0
40,中華めん,8.6,1.2,55.7,0,0.02,0.02,0.6,0.55,0.02,0,0,0,0
41,蒸し中華めん　　,5.3,1.7,38.4,0,0.01,0.01,0.4,0.27,0.02,0,0,0,0
42,干し中華めん,10.5,1.6,73,0,0.03,0.03,1,0.78,0.05,0,0,0,0
43,沖縄そば,9.2,2,54.2,0,0.02,0.04,0.8,0.63,0.11,0,0,0,0
44,干し沖縄そば,12,1.7,67.8,0,0.12,0.05,1.1,0.49,0.05,0,0,0,0
45,マカロニ,12.2,1.9,73.9,1,0.19,0.06,2.3,0.66,0.11,0,0,0,0
46,パスタ,7.8,1.9,46.9,0,0.05,0.04,1.1,0.27,0.05,0,0,-,0
47,ふ　　,12.7,0.8,26.2,0,0.08,0.03,0.5,0.12,0.02,0,0,0,0
48,小麦はいが　　,32,11.6,48.3,5,1.82,0.71,4.2,1.34,1.24,0,0,0,2
49,小麦たんぱく　粉末状　,72,9.7,10.6,1,0.03,0.12,3.5,0.61,0.1,0,0,0,0
50,小麦たんぱく　粒状　,20,2,1.8,0,0.02,0.01,1.2,0,0.01,0,0,0,0
51,小麦たんぱく　ペースト状　,25,4.1,3.9,1,0.2,0.03,2.7,0.45,0.04,0,0,0,0
52,ぎょうざの皮　　,9.3,1.4,57,0,0.08,0.04,0.7,0.61,0.06,0,0,0,0
53,しゅうまいの皮　　,8.3,1.4,58.9,0,0.09,0.04,0.6,0.5,0.05,0,0,0,0
54,ピザ生地　,9.1,3,51.1,0,0.15,0.11,1,0.54,0.05,0,0,0,0
55,ちくわぶ　　,7.1,1.2,31.1,0,0.01,0.02,0.3,0.25,0.01,0,0,0,0
56,パン粉,11,5.1,47.6,0,0.11,0.02,1.2,0.41,0.05,0,0,0,(Tr)
57,冷めん,3.9,0.7,57.6,0,0.04,Tr,0.4,0.11,0.02,0,0,-,0
58,玄米　　,6.8,2.7,74.3,0,0.41,0.04,6.3,1.37,0.45,0,0,0,0
59,半つき米　　,6.5,1.8,75.9,0,0.3,0.03,3.5,1,0.28,0,0,0,0
60,七分つき米　　,6.3,1.5,76.6,0,0.24,0.03,1.7,0.84,0.2,0,0,0,0
61,うるち米　,6.1,0.9,77.6,0,0.08,0.02,1.2,0.66,0.12,0,0,0,0
62,もち米　,6.4,1.2,77.2,0,0.12,0.02,1.6,-0.66,-0.12,0,0,0,0
63,インディカ米　,7.5,0.8,79.1,0,0.06,0.02,1.1,0.69,0.08,0,0,0,0
64,はいが精米　　,6.5,2,75.8,0,0.23,0.03,3.1,1,0.22,0,0,0,0
65,発芽玄米　　,6.5,3.3,74.3,0,0.35,0.02,4.9,0.75,0.34,0,0,0,0
66,玄米　　,2.8,1,35.6,0,0.16,0.02,2.9,0.65,0.21,0,0,0,0
67,半つき米　　,2.7,0.6,36.4,0,0.08,0.01,1.6,0.35,0.07,0,0,0,0
68,七分つき米　　,2.6,0.5,36.7,0,0.06,0.01,0.8,0.26,0.03,0,0,0,0
69,精白米　　,1.1,0.1,15.7,0,0.01,Tr,0.1,0.11,0.01,0,0,0,0
70,アルファ化米,6,1,84.8,0,0.04,Tr,0.5,0.19,0.04,0,0,0,0
71,おにぎり　　,2.7,0.3,39.4,0,0.02,0.01,0.2,0.27,0.02,0,0,0,0
72,焼きおにぎり　　,3.1,0.3,39.5,0,0.03,0.02,0.3,0.29,0.03,0,0,0,0
73,きりたんぽ　　,3.2,0.4,46.2,0,0.03,0.01,0.3,0.31,0.02,0,0,0,0
74,上新粉　　,6.2,0.9,78.5,0,0.09,0.02,1.3,0.67,0.12,0,0,0,0
75,玄米粉　　,7.1,2.9,84.1,0,0,0.03,4.6,0.12,0.08,0,0,-,0
76,B124米粉　　,6,0.7,81.9,0,0.03,0.01,0.3,0.2,0.04,0,0,-,0
77,米粉パン　　,3.4,3.1,51.3,0,0.05,0.03,0.7,0.23,0.04,-,-,-,-
78,米粉めん　　,3.6,0.7,58.4,0,0.03,Tr,0.5,0.31,0.05,0,0,-,0
79,ビーフン　　,7,1.6,79.9,0,0.06,0.02,0.6,0.09,0,0,0,0,0
80,米こうじ　　,5.8,1.7,59.2,0,0.11,0.13,1.5,0.42,0.11,0,0,0,0
81,もち　　,4,0.6,50.8,0,0.03,0.01,0.2,0.34,0.03,0,0,0,0
82,赤飯　　,4.3,0.6,41.9,0,0.05,0.01,0.2,0.3,0.03,0,0,0,1
83,あくまき　　,2.3,1.8,25.7,0,Tr,Tr,Tr,0,0.01,0,0,0,0
84,白玉粉　　,6.3,1,80,0,0.03,0.01,0.4,0,0.01,0,0,0,0
85,道明寺粉　　,7.1,0.7,80.4,0,0.04,0.01,0.4,0.22,0.04,0,0,0,0
86,米ぬか　　,13.4,19.6,48.8,0,3.12,0.21,34.6,4.43,3.27,0,0,-,0
87,全層粉　　,12,3.1,69.6,0,0.46,0.11,4.5,1.56,0.3,0,0,0,0
88,内層粉　　,6,1.6,77.6,0,0.16,0.07,2.2,0.72,0.2,0,0,0,0
89,中層粉　　,10.2,2.7,71.6,0,0.35,0.1,4.1,1.54,0.44,0,0,0,0
90,表層粉　　,15,3.6,65.1,0,0.5,0.14,7.1,2.6,0.76,0,0,0,0
91,そば米　　,9.6,2.5,73.7,0,0.42,0.1,4.3,1.53,0.35,0,0,0,0
92,そば　,9.8,1.9,54.5,0,0.19,0.09,3.4,1.09,0.15,0,0,0,0
93,そば　干しそば,14,2.3,66.7,0,0.37,0.08,3.2,1.15,0.24,0,0,0,0
94,とうもろこし　,8.6,5,70.6,13,0.3,0.1,2,0.57,0.39,0,0,0,0
95,コーンミール,8.3,4,72.4,13,0.15,0.08,0.9,0.57,0.43,0,0,0,0
96,コーングリッツ,8.2,1,76.4,15,0.06,0.05,0.7,0.32,0.11,0,0,0,0
97,コーンフラワー　,6.6,2.8,76.1,11,0.14,0.06,1.3,0.37,0.2,0,0,0,0
98,ジャイアントコーン　,5.7,11.8,76.6,0,0.08,0.02,1.9,0.12,0.11,0,0,0,1
99,ポップコーン　　　,10.2,22.8,59.6,15,0.13,0.08,2,0.46,0.27,0,0,0,-
100,コーンフレーク　　　,7.8,1.7,83.6,10,0.03,0.02,0.3,0.22,0.04,0,0,0,0
101,はとむぎ　精白粒　　　,13.3,1.3,72.2,0,0.02,0.05,0.5,0.16,0.07,0,0,0,0
102,ひえ　精白粒　　　,9.4,3.3,73.2,0,0.25,0.02,0.4,1.5,0.17,0,0,0,0
103,もろこし　玄穀　　　,10.3,4.7,71.1,0,0.35,0.1,6,1.42,0.31,0,0,0,0
104,もろこし　精白粒　　　,9.5,2.6,74.1,0,0.1,0.03,3,0.66,0.24,0,0,0,0
105,ライむぎ　全粒粉　　　,12.7,2.7,70.7,0,0.47,0.2,1.7,0.87,0.22,0,0,0,0
106,ライむぎ　ライ麦粉　　　,8.5,1.6,75.8,0,0.15,0.07,0.9,0.63,0.1,0,0,0,0
107,穀類混合品　五穀　,12.6,2.8,70.2,1,0.34,0.07,3.5,0.58,0.24,Tr,Tr,0,8
108,きくいも,1.9,0.4,14.7,0,0.08,0.04,1.6,0.37,0.09,0,10,0,0
109,きくいも　水煮　　　,1.6,0.5,11.3,0,0.06,0.03,1.2,0.29,0.06,0,6,0,0
110,こんにゃく　精粉　　　,3,0.1,85.3,0,0,0,0,1.52,1.2,0,0,0,0
111,板こんにゃく　,0.1,0,2.3,0,0,0,0,0,0.02,0,0,0,0
112,生いもこんにゃく　　,0.1,0.1,3.3,0,0,0,Tr,0,0.02,0,0,0,0
113,赤こんにゃく　　　,0.1,0,2.5,0,0,0,0,0,0.02,0,0,0,0
114,凍みこんにゃく　,3.3,1.4,77.1,0,0,0,0.3,0,0.48,0,0,0,0
115,しらたき　　　,0.2,Tr,3,0,0,0,0,0,0.01,0,0,0,0
116,さつまいも,1.2,0.2,31.9,2,0.11,0.04,0.8,0.9,0.26,0,29,0,0
117,さつまいも　天ぷら　　,1.4,6.8,38.4,5,0.11,0.04,0.7,0.6,0.2,0,21,0,11
118,さつまいも　蒸し切干　　　,3.1,0.6,71.9,0,0.19,0.08,1.6,1.35,0.41,0,9,0,0
119,むらさきいも,1.2,0.3,31.7,Tr,0.12,0.02,1.3,0.54,0.18,0,29,0,0
120,さといも,1.5,0.1,13.1,Tr,0.07,0.02,1,0.48,0.15,0,6,0,0
121,セレベス　,2.2,0.3,19.8,1,0.1,0.03,1.7,0.48,0.21,0,6,0,0
122,たけのこいも,1.7,0.4,23.5,1,0.05,0.03,0.7,0.31,0.21,0,6,0,0
123,みずいも　,0.7,0.4,27.6,1,0.16,0.02,0.6,0.2,0.21,0,7,0,0
124,やつがしら,3,0.7,20.5,1,0.13,0.06,0.7,0.5,0.22,0,7,0,0
125,じゃがいも　,1.6,0.1,17.6,0,0.09,0.03,1.3,0.47,0.18,0,35,0,Tr
126,フライドポテト　　　,2.9,10.6,32.4,0,0.12,0.06,1.5,0.71,0.35,0,40,0,18
127,ヤーコン　　　,0.6,0.3,12.4,2,0.04,0.01,1,0.02,0.08,0,3,0,0
128,ながいも,4.5,0.5,22.6,Tr,0.15,0.05,0.4,0.85,0.11,0,7,0,0
129,じねんじょ,2.8,0.7,26.7,Tr,0.11,0.04,0.6,0.67,0.18,0,15,0,0
130,だいじょ,2.6,0.1,25,Tr,0.1,0.02,0.4,0.45,0.28,0,17,0,0
131,キャッサバでん粉　　　,0.1,0.2,85.3,0,0,0,0,0,0,0,0,0,0
132,くずでん粉　　　,0.2,0.2,85.6,0,0,0,0,0,0,0,0,0,0
133,米でん粉　　　,0.2,0.7,89.3,0,0,0,0,0,0,0,0,0,0
134,小麦でん粉　　　,0.2,0.5,86,0,0,0,0,0,0,0,0,0,0
135,サゴでん粉　　　,0.1,0.2,86.1,0,0,0,0,0,0,0,0,0,0
136,さつまいもでん粉　　　,0.1,0.2,82,0,0,0,0,0,0,0,0,0,0
137,じゃがいもでん粉　　　,0.1,0.1,81.6,0,0,0,0,0,0,0,0,0,0
138,とうもろこしでん粉　　　,0.1,0.7,86.3,0,0,0,0,0,0,0,0,0,0
139,くずきり　,0.2,0.2,87.7,0,0,0,0,0,0,0,0,0,0
140,ごま豆腐　　　,1.5,4.3,9.1,0,0.1,0.01,0.4,0.03,0.03,0,0,0,0
141,タピオカパール,0,0.2,87.8,0,0,0,0,0,0,0,0,0,0
142,でん粉めん,0.1,0.2,32.2,0,0,0,0,0,0,0,0,0,0
143,緑豆はるさめ,0.2,0.4,87.5,0,0,0,0,0,0,0,0,0,0
144,普通はるさめ,0,0.2,86.6,0,0,0,0,0,0,0,0,0,0
145,黒砂糖　　　,1.7,Tr,89.7,0,0.05,0.07,0.8,1.38,0.72,0,0,0,0
146,和三盆糖　　　,0.2,Tr,98.8,0,0.01,0.03,Tr,0.37,0.08,0,0,0,0
147,上白糖　　,0,0,99.2,0,0,0,0,0,0,0,0,0,0
148,三温糖　　,Tr,0,98.7,0,Tr,0.01,Tr,0,0,0,0,0,0
149,グラニュー糖　　,0,0,100,0,0,0,0,0,0,0,0,0,0
150,白ざら糖　　,0,0,100,0,0,0,0,0,0,0,0,0,0
151,中ざら糖　　,0,0,100,0,0,0,0,0,0,0,0,0,0
152,角砂糖　　,0,0,100,0,0,0,0,0,0,0,0,0,0
153,氷砂糖　　,0,0,100,0,0,0,0,0,0,0,0,0,0
154,コーヒーシュガー　　,0.1,0,99.9,0,0,0,0,0,0,0,0,0,0
155,粉糖　　,0,0,99.7,0,0,0,0,0,0,0,0,0,0
156,しょ糖型液糖　　,0,0,70,0,0,0,0,0,0,0,0,0,0
157,転化型液糖　　,0,0,79.3,0,0,0,0,0,0,0,0,0,0
158,氷糖みつ　　　,0.2,0,68.2,0,0.01,0.02,0.1,0,0,0,0,0,0
159,粉あめ　　　,0,0,97,0,0,0,0,0,0,0,0,0,0
160,黒蜜　,1,0,50.5,0,0.03,0.04,0.5,0.78,0.41,0,0,0,0
161,はちみつ　,0.2,0,79.7,0,Tr,0.01,0.1,0.05,-,0,0,0,0
162,メープルシロップ　　　,0.1,0,66.3,0,Tr,0.02,Tr,0.13,Tr,0,0,0,0
163,あずき　　,20.3,2.2,58.7,1,0.45,0.16,2.2,1,0.39,0,Tr,0,8
164,こしあん　　,9.8,0.6,27.1,0,0.02,0.05,0.1,0.07,0,0,Tr,0,7
165,さらしあん　　,26.2,1,66.8,0,0.01,0.03,0.8,0.1,0.02,0,Tr,0,5
166,つぶしあん　　,5.6,0.6,54,0,0.02,0.03,0.1,0.18,0.03,0,Tr,0,6
167,いんげんまめ　　　,19.9,2.2,57.8,1,0.5,0.2,2,0.63,0.36,0,Tr,0,8
168,うずら豆　,6.7,1.3,49.6,0,0.03,0.01,0.3,0.14,0.04,0,Tr,0,3
169,豆きんとん　　　,4.9,0.5,56.2,0,0.01,0.01,0.1,0.07,0.03,0,Tr,0,1
170,青えんどう　,21.7,2.3,60.4,8,0.72,0.15,2.5,1.74,0.29,0,Tr,0,16
171,赤えんどう　　,21.7,2.3,60.4,1,0.72,0.15,2.5,1.74,0.29,0,Tr,0,16
172,グリンピース　　　,20.8,11.6,58.8,2,0.52,0.16,1.9,0.44,0.17,0,Tr,0,24
173,塩豆　　　,23.3,2.4,61.5,6,0.2,0.1,2.2,1.25,0.15,0,Tr,0,16
174,うぐいす豆　,5.6,0.7,52.9,Tr,0.02,0.01,0.3,0.24,0.04,0,Tr,0,8
175,ささげ　,23.9,2,55,2,0.5,0.1,2.5,1.3,0.24,0,Tr,0,14
176,そらまめ　,26,2,55.9,Tr,0.5,0.2,2.5,0.48,0.41,0,Tr,0,13
177,フライビーンズ　　　,24.7,20.8,46.4,2,0.1,0.05,1,0.26,0.36,0,Tr,0,38
178,おたふく豆　,7.9,1.2,52.2,0,0.01,0.01,0.2,0.14,0.06,0,Tr,0,6
179,ふき豆　,9.6,1.6,52.5,0,0.02,0.01,0.2,0.2,0.07,0,Tr,0,3
180,しょうゆ豆　,9.8,0.9,37.1,Tr,0.06,0.09,0.7,0.11,0.08,0,0,0,9
181,黄大豆,33.8,19.7,29.5,1,0.71,0.26,2,1.36,0.51,0,3,0,18
182,黒大豆,33.9,18.1,30.8,3,0.72,0.28,2.2,0.99,0.5,0,4,0,-
183,大豆はいが　　,37.8,14.7,39.5,2,0.03,0.73,3.4,0.59,0.56,0,0,0,190
184,ぶどう豆　,14.1,9.4,37,0,0.09,0.05,0.4,0.28,0.07,0,Tr,0,10
185,木綿豆腐　,6.6,4.2,1.6,0,0.07,0.03,0.1,0.02,0.05,0,Tr,0,13
186,絹ごし豆腐　　,4.9,3,2,0,0.1,0.04,0.2,0.09,0.06,0,Tr,0,12
187,ソフト豆腐　　,5.1,3.3,2,0,0.07,0.03,0.1,0.1,0.07,0,Tr,0,10
188,充てん豆腐　　,5,3.1,2.5,0,0.15,0.05,0.3,0.12,0.09,0,Tr,0,11
189,沖縄豆腐　　,9.1,7.2,0.7,0,0.1,0.04,0.2,Tr,0.06,0,Tr,0,16
190,ゆし豆腐　　,4.3,2.8,1.7,0,0.1,0.04,0.2,0.2,0.07,0,Tr,0,9
191,焼き豆腐　　,7.8,5.7,1,0,0.07,0.03,0.1,0.06,0.05,0,Tr,0,14
192,生揚げ　　,10.7,11.3,0.9,0,0.07,0.03,0.1,0.17,0.08,0,Tr,0,25
193,油揚げ,23.4,34.4,0.4,0,0.06,0.04,0.2,0.07,0.07,0,0,0,67
194,油揚げ　油抜き,18.2,23.4,Tr,0,0.04,0.02,0.1,0.04,0.04,0,0,0,48
195,がんもどき　　,15.3,17.8,1.6,0,0.03,0.04,0.2,0.2,0.08,0,Tr,0,43
196,凍り豆腐,50.5,34.1,4.2,1,0.02,0.02,Tr,0.1,0.02,0.1,0,0,60
197,豆腐よう　　,9.5,8.3,19.1,Tr,0.02,0.07,0.5,0.4,0.05,Tr,Tr,0,18
198,豆腐竹輪,14.9,4.4,6.7,3,0.12,0.08,0.5,0.17,0.04,0.6,Tr,0,12
199,ろくじょう豆腐　　,34.7,21.5,3.8,Tr,0.1,0.06,0.5,0.14,0.11,0,0,0,41
200,糸引き納豆　　,16.5,10,12.1,0,0.07,0.56,1.1,3.6,0.24,Tr,Tr,0,600
201,挽きわり納豆　　,16.6,10,10.5,0,0.14,0.36,0.9,4.28,0.29,0,Tr,0,930
202,五斗納豆　　,15.3,8.1,24,0,0.08,0.35,1.1,2.9,0.19,-,Tr,0,590
203,寺納豆　　,18.6,8.1,31.5,0,0.04,0.35,4.1,0.81,0.17,-,Tr,0,190
204,おから,6.1,3.6,13.8,0,0.11,0.03,0.2,0.31,0.06,0,Tr,0,8
205,豆乳,3.6,2,3.1,0,0.03,0.02,0.5,0.28,0.06,0,Tr,0,4
206,豆乳　調製豆乳,3.2,3.6,4.8,0,0.07,0.02,0.2,0.24,0.05,0,Tr,0,6
207,湯葉　,21.8,13.7,4.1,1,0.17,0.09,0.3,0.34,0.13,0,Tr,0,22
208,金山寺みそ　　　,6.9,3.2,50,0,0.12,0.18,2.3,0.74,0.1,0,Tr,0,16
209,ひしおみそ　　　,6.5,2.7,38.8,0,0.11,0.27,2.6,0.36,0.08,0,Tr,0,17
210,テンペ　　　,15.8,9,15.4,Tr,0.07,0.09,2.4,1.08,0.23,0,Tr,0,11
211,つるあずき　　,20.8,1.6,61.8,2,0.5,0.13,2,0.75,0.28,0,3,0,50
212,ひよこまめ　,20,5.2,61.5,2,0.37,0.15,1.5,1.77,0.64,0,Tr,0,9
213,べにばないんげん　,17.2,1.7,61.2,Tr,0.67,0.15,2.5,0.81,0.51,0,Tr,0,8
214,らいまめ,21.9,1.8,60.8,Tr,0.47,0.16,1.9,1.05,0.4,0,0,0,6
215,りょくとう　,25.1,1.5,59.1,13,0.7,0.22,2.1,1.66,0.52,0,Tr,0,36
216,レンズまめ,23.2,1.5,60.7,3,0.52,0.17,2.5,1.58,0.55,0,1,0,17
217,アーモンド　,19.6,51.8,20.9,1,0.2,1.06,3.6,0.49,0.09,0,0,0,0
218,あさ　　,29.5,27.9,31.3,2,0.35,0.19,2.3,0.56,0.39,0,Tr,0,50
219,えごま　　,17.7,43.4,29.4,1,0.54,0.29,7.6,1.65,0.55,0,Tr,0,1
220,ぎんなん　　,4.7,1.6,34.8,24,0.28,0.08,1.2,1.27,0.07,0,23,0,3
221,日本ぐり,2.8,0.5,36.9,3,0.21,0.07,1,1.04,0.27,0,33,0,1
222,ココナッツパウダー　　　　,6.1,65.8,23.7,0,0.03,0.03,1,0.25,0.09,0,0,0,0
223,ごま　,19.8,51.9,18.4,1,0.95,0.25,5.1,0.56,0.6,0,Tr,0,7
224,しい　生　　　,3.2,0.8,57.6,1,0.28,0.09,1.3,0.59,0.19,0,110,0,16
225,すいか　　　,29.6,46.4,13.4,1,0.1,0.16,0.8,1.04,0.71,0,Tr,0,1
226,とち　,1.7,1.9,34.2,0,Tr,0,0.1,0,Tr,0,0,0,1
227,はす　　,5.9,0.5,14.9,Tr,0.18,0.09,1.4,0.85,0.16,0,27,0,1
228,ひし　　　,5.8,0.5,40.6,1,0.42,0.08,1.2,0.71,0.32,0,12,0,2
229,らっかせい,25.4,47.5,18.8,1,0.85,0.1,17,2.56,0.46,0,0,0,Tr
230,バターピーナッツ　　　,25.5,51.3,18.2,1,0.2,0.1,17,2.42,0.48,0,0,0,1
231,ピーナッツバター　　　,25.4,50.7,20.5,1,0.2,0.09,16.2,1.88,0.36,0,0,0,Tr
232,アーティチョーク　花らい　　,2.3,0.2,11.3,1,0.08,0.1,1.2,0.51,0.08,0,15,0,2
233,あさつき　　,4.2,0.3,5.6,62,0.15,0.16,0.8,0.62,0.36,0,26,0,50
234,あしたば　　,3.3,0.1,6.7,440,0.1,0.24,1.4,0.92,0.16,0,41,0,500
235,アスパラガス　　　,2.6,0.2,3.9,31,0.14,0.15,1,0.59,0.12,0,15,0,43
236,アロエ　,0,0.1,0.7,Tr,0,0,0,0.06,0.01,0,1,0,0
237,さやいんげん,1.8,0.1,5.1,49,0.06,0.11,0.6,0.17,0.07,0,8,0,60
238,うど　,0.8,0.1,4.3,0,0.02,0.01,0.5,0.12,0.04,0,4,0,2
239,やまうど　,1.1,0.1,4.3,Tr,0.03,0.02,0.5,0.13,0.05,0,5,0,3
240,えだまめ　,11.7,6.2,8.8,22,0.31,0.15,1.6,0.53,0.15,0,27,0,30
241,エンダイブ　葉　生　　　,1.2,0.2,2.9,140,0.06,0.08,0.3,0.16,0.08,0,7,0,120
242,トウミョウ　茎葉　生　　,3.8,0.4,4,340,0.24,0.27,1.1,0.8,0.19,0,79,0,280
243,トウミョウ　,3.8,0.4,3.2,250,0.17,0.21,0.8,0.39,0.15,0,43,0,210
244,さやえんどう,3.1,0.2,7.5,47,0.15,0.11,0.8,0.56,0.08,0,60,0,47
245,グリンピース,6.9,0.4,15.3,35,0.39,0.16,2.7,0.63,0.15,0,19,0,27
246,おおさかしろな　,1.4,0.2,2.2,110,0.06,0.18,0.7,0.24,0.13,0,28,0,190
247,おかひじき　　,1.4,0.2,3.4,280,0.06,0.13,0.5,0.22,0.04,0,21,0,310
248,オクラ　,2.1,0.2,6.6,56,0.09,0.09,0.8,0.42,0.1,0,11,0,71
249,かぶ　,2.3,0.1,3.9,230,0.08,0.16,0.9,0.36,0.16,0,82,0,340
250,かぼちゃ,1.6,0.1,10.9,60,0.07,0.06,0.6,0.5,0.12,0,16,0,26
251,からしな　,3.3,0.1,4.7,230,0.12,0.27,1.2,0.32,0.25,0,64,0,260
252,カリフラワー　,3,0.1,5.2,2,0.06,0.11,0.7,1.3,0.23,0,81,0,17
253,かんぴょう　　,6.3,0.2,68.1,0,0,0.04,2.7,1.75,0.04,0,0,0,Tr
254,きく　,1.4,0,6.5,6,0.1,0.11,0.5,0.2,0.08,0,11,0,11
255,キャベツ　,1.3,0.2,5.2,4,0.04,0.03,0.2,0.22,0.11,0,41,0,78
256,グリーンボール,1.4,0.1,4.3,9,0.05,0.04,0.4,0.31,0.13,0,47,0,79
257,レッドキャベツ,2,0.1,6.7,3,0.07,0.03,0.3,0.35,0.19,0,68,0,29
258,きゅうり　,1,0.1,3,28,0.03,0.03,0.2,0.33,0.05,0,14,0,34
259,ぎょうじゃにんにく　　,3.5,0.2,6.6,170,0.1,0.16,0.8,0.39,0.15,0,59,0,320
260,キンサイ　　,1.1,0.4,3.5,150,0.05,0.11,0.6,0.35,0.08,0,15,0,180
261,クレソン　　,2.1,0.1,2.5,230,0.1,0.2,0.5,0.3,0.13,0,26,0,190
262,くわい　　,6.3,0.1,26.6,0,0.12,0.07,1.9,0.78,0.34,0,2,0,1
263,ケール,2.1,0.4,5.6,240,0.06,0.15,0.9,0.31,0.16,0,81,0,210
264,コールラビ　,1,0,5.1,1,0.04,0.05,0.2,0.2,0.09,0,45,0,7
265,こごみ　　,3,0.2,5.3,100,0,0.12,2.9,0.6,0.03,0,27,0,120
266,ごぼう,1.8,0.1,15.4,Tr,0.05,0.04,0.4,0.23,0.1,0,3,0,Tr
267,こまつな　,1.5,0.2,2.4,260,0.09,0.13,1,0.32,0.12,0,39,0,210
268,ザーサイ　　,2.5,0.1,4.6,1,0.04,0.07,0.4,0.35,0.09,0,0,0,24
269,さんとうさい　　,1,0.2,2.7,96,0.03,0.07,0.5,0.17,0.08,0,35,0,100
270,しかくまめ　　,2.4,0.1,3.8,36,0.09,0.09,0.8,0.36,0.1,0,16,0,63
271,ししとう　　,1.9,0.3,5.7,44,0.07,0.07,1.4,0.35,0.39,0,57,0,51
272,しそ　　,3.9,0.1,7.5,880,0.13,0.34,1,1,0.19,0,26,0,690
273,じゅうろくささげ　　　,2.5,0.1,4.8,96,0.08,0.07,0.7,0.43,0.11,0,25,0,160
274,しゅんぎく　,2.3,0.3,3.9,380,0.1,0.16,0.8,0.23,0.13,0,19,0,250
275,じゅんさい　　,0.4,0,1,2,0,0.02,0,0,0,0,0,0,16
276,葉しょうが,0.5,0.2,2.1,Tr,0.02,0.03,0.3,0.07,0.08,0,3,0,Tr
277,しょうが,0.9,0.3,6.6,Tr,0.03,0.02,0.6,0.21,0.13,0,2,0,0
278,ずいき,0.9,0.1,3.3,6,0.03,0.03,0.2,0.3,0.04,0,8,0,29
279,すぐきな,1.9,0.2,5.4,170,0.08,0.13,1.1,0.35,0.05,0,73,0,280
280,ズッキーニ　　,1.3,0.1,2.8,27,0.05,0.05,0.4,0.22,0.09,0,20,0,35
281,せり　,2,0.1,3.3,160,0.04,0.13,1.2,0.42,0.11,0,20,0,160
282,セロリ　　,0.4,0.1,3.6,4,0.03,0.03,Tr,0.26,0.08,0,7,0,10
283,ぜんまい　　,1.7,0.1,6.6,44,0.02,0.09,1.4,0.64,0.05,0,24,0,34
284,そらまめ　　,10.9,0.2,15.5,20,0.3,0.2,1.5,0.46,0.17,0,23,0,18
285,タアサイ　　,1.3,0.2,2.2,180,0.05,0.09,0.9,0.19,0.12,0,31,0,220
286,かいわれだいこん　,2.1,0.5,3.3,160,0.08,0.13,1.3,0.29,0.23,0,47,0,200
287,葉だいこん　,2,0.2,3.3,190,0.07,0.15,0.5,0.39,0.22,0,49,0,220
288,だいこん　,2.2,0.1,5.3,330,0.09,0.16,0.5,0.26,0.18,0,53,0,270
289,切干しだいこん,9.7,0.8,69.7,Tr,0.35,0.2,4.6,1.24,0.29,0,28,0,Tr
290,ぬかみそ漬　　,1.3,0.1,6.7,0,0.33,0.04,2.7,0.43,0.22,0,15,0,1
291,塩押しだいこん漬　,1.2,0.3,15.2,0,0.21,0.01,0.7,0.27,0.07,0,53,0,0
292,干しだいこん漬　,1.9,0.1,5.5,0,0.21,0.03,1.6,0.66,0.22,0,12,0,0
293,守口漬　　,5.3,0.2,44.3,0,0.05,0.17,0.7,0.19,0.32,0,0,0,0
294,べったら漬　　,0.9,0.1,14,0,0.03,0.02,0.1,0.13,0.04,0,45,0,0
295,みそ漬　　,4.5,0.3,16.3,0,0.06,0.08,0.3,0.2,0.06,0,0,0,0
296,福神漬　　,2.7,0.1,33.3,8,0.02,0.1,0,0,0,0,0,0,7
297,つまみな　　,1.9,0.3,3.6,160,0.06,0.14,1,0.33,0.1,0,47,0,270
298,たいさい　,0.9,0.1,3.5,130,0.07,0.07,0.5,0.14,0.08,0,45,0,110
299,たかな　　,1.8,0.2,4.2,190,0.06,0.1,0.4,0.27,0.16,0,69,0,120
300,たけのこ　,3.6,0.2,4.3,1,0.05,0.11,0.7,0.63,0.13,0,10,0,2
301,たまねぎ　,1,0.1,8.8,Tr,0.03,0.01,0.1,0.19,0.16,0,8,0,Tr
302,赤たまねぎ,0.9,0.1,9,0,0.03,0.02,0.1,0.15,0.13,0,7,0,Tr
303,葉たまねぎ　,1.8,0.4,7.6,120,0.06,0.11,0.6,0.13,0.16,0,32,0,92
304,たらのめ　　,4.2,0.2,4.3,48,0.15,0.2,2.5,0.53,0.22,0,7,0,99
305,チコリ　,1,Tr,3.9,1,0.06,0.02,0.2,0.14,0.03,0,2,0,8
306,チンゲンサイ　　,0.6,0.1,2,170,0.03,0.07,0.3,0.17,0.08,0,24,0,84
307,つくし　,3.5,0.1,8.1,88,0.07,0.14,2.2,0.9,0.35,0,33,0,19
308,つるな　,1.8,0.1,2.8,230,0.08,0.3,1,0.46,0.13,0,22,0,310
309,つるむらさき,0.7,0.2,2.6,250,0.03,0.07,0.3,0.21,0.09,0,41,0,350
310,つわぶき　　,0.4,0,5.6,5,0.01,0.04,0.4,0.1,0.02,0,4,0,8
311,とうがらし　　,3.4,0.1,7.2,430,0.08,0.28,1.3,0.41,0.25,0,92,0,230
312,スイートコーン,0.5,0.1,3.8,0,0.01,0.01,0.4,0.21,0.03,0,39,0,1
313,ヤングコーン,2.3,0.2,6,3,0.09,0.11,0.9,0.4,0.16,0,9,0,1
314,トマト　,0.7,0.1,4.7,45,0.05,0.02,0.7,0.17,0.08,0,15,0,4
315,ミニトマト,1.1,0.1,7.2,80,0.07,0.05,0.8,0.17,0.11,0,32,0,7
316,トレビス　　,1.1,0.2,3.9,1,0.04,0.04,0.2,0.24,0.03,0,6,0,13
317,とんぶり　,6.1,3.5,12.9,67,0.11,0.17,0.3,0.48,0.16,0,1,0,120
318,ながさきはくさい　　,1.3,0.1,2.6,160,0.05,0.13,0.7,0.28,0.14,0,88,0,130
319,なす,1.1,0.1,5.1,8,0.05,0.05,0.5,0.33,0.05,0,4,0,10
320,べいなす　果実　生　　,1.1,0.1,5.3,4,0.04,0.04,0.6,0.3,0.06,0,6,0,9
321,べいなす　果実　素揚げ　　,1,17,6.7,2,0.05,0.04,0.6,0.3,0.05,0,2,0,31
322,塩漬　　,1.4,0.1,5.2,4,0.03,0.04,0.4,0.41,0.07,0,7,0,10
323,ぬかみそ漬　　,1.7,0.1,6.1,2,0.1,0.04,1,0.67,0.15,Tr,8,0,12
324,こうじ漬　　,5.5,0.1,18.2,Tr,0.03,0.05,0.3,0.13,0.03,0,0,0,27
325,からし漬　　,2.6,0.2,30.7,6,0.06,0.04,0.6,0.08,0.09,0,87,0,24
326,しば漬　　,1.4,0.2,7,48,0,0.02,0.1,0.13,0.03,0,0,0,72
327,なずな　　,4.3,0.1,7,430,0.15,0.27,0.5,1.1,0.32,0,110,0,330
328,和種なばな　,4.4,0.2,5.8,180,0.16,0.28,1.3,0.73,0.26,0,130,0,250
329,洋種なばな　,4.1,0.4,6,220,0.11,0.24,1.3,0.8,0.22,0,110,0,260
330,にがうり　　,1,0.1,3.9,17,0.05,0.07,0.3,0.37,0.06,0,76,0,41
331,にら　,1.7,0.3,4,290,0.06,0.13,0.6,0.5,0.16,0,19,0,180
332,花にら　,1.9,0.2,5.9,91,0.07,0.08,0.6,0.42,0.17,0,23,0,100
333,黄にら,2.1,0.1,3.3,5,0.05,0.08,0.7,0.38,0.12,0,15,0,29
334,葉にんじん,1.1,0.2,3.7,140,0.06,0.12,1.1,0.43,0.15,0,22,0,160
335,にんじん　,0.7,0.2,9.3,720,0.07,0.06,0.8,0.37,0.1,0,6,0,17
336,きんとき　,1.8,0.2,9.6,410,0.07,0.05,1,0.32,0.12,0,8,0,2
337,ミニキャロット,0.7,0.2,7.5,500,0.04,0.03,0.6,0.41,0.1,0,4,0,13
338,にんにく　,6.4,0.9,27.5,Tr,0.19,0.07,0.7,0.55,1.53,0,12,0,0
339,茎にんにく,1.9,0.3,10.6,60,0.11,0.1,0.3,0.29,0.31,0,45,0,54
340,根深ねぎ　,1.4,0.1,8.3,7,0.05,0.04,0.4,0.17,0.12,0,14,0,8
341,葉ねぎ,1.9,0.3,6.5,120,0.06,0.11,0.5,0.23,0.13,0,32,0,110
342,こねぎ,2,0.3,5.4,190,0.08,0.14,0.6,0.2,0.13,0,44,0,120
343,のざわな　　,0.9,0.1,3.5,100,0.06,0.1,0.7,0.17,0.11,0,41,0,100
344,のびる　　,3.2,0.2,15.5,67,0.08,0.22,1.1,0.29,0.16,0,60,0,160
345,はくさい　　,0.8,0.1,3.2,8,0.03,0.03,0.6,0.25,0.09,0,19,0,59
346,パクチョイ　,1.6,0.2,2.7,150,0.07,0.12,0.8,0.34,0.11,0,45,0,190
347,バジル　　,2,0.6,4,520,0.08,0.19,0.6,0.29,0.11,0,16,0,440
348,パセリ　　,4,0.7,7.8,620,0.12,0.24,1.2,0.48,0.27,0,120,0,850
349,はつかだいこん,0.8,0.1,3.1,0,0.02,0.02,0.1,0.18,0.07,0,19,0,1
350,はやとうり　　,0.6,0.1,4.9,0,0.02,0.03,0.3,0.46,0.04,0,11,0,9
351,ビーツ　,1.6,0.1,9.3,0,0.05,0.05,0.3,0.31,0.07,0,5,0,0
352,青ピーマン　,0.9,0.2,5.1,33,0.03,0.03,0.6,0.3,0.19,0,76,0,20
353,赤ピーマン,1,0.2,7.2,88,0.06,0.14,1.2,0.28,0.37,0,170,0,7
354,黄ピーマン,0.8,0.2,6.6,17,0.04,0.03,1,0.25,0.26,0,150,0,3
355,トマピー　,1,0.2,7.5,160,0.05,0.09,1.2,0.33,0.56,0,200,0,4
356,ひのな,1,Tr,4.7,98,0.05,0.13,0.7,0.18,0.14,0,52,0,93
357,ひろしまな　　,1.5,0.2,4.2,160,0.06,0.15,0.7,0.47,0.1,0,49,0,160
358,ふき,0.3,0,3,4,Tr,0.02,0.1,0.07,0.01,0,2,0,6
359,ふきのとう,2.5,0.1,10,33,0.1,0.17,0.9,0.45,0.18,0,14,0,92
360,ふじまめ　,2.5,0.1,7.4,20,0.08,0.1,0.9,0.35,0.08,0,13,0,29
361,ふだんそう　　,2,0.1,3.7,310,0.07,0.23,0.4,0.53,0.25,0,19,0,180
362,ブロッコリー,4.3,0.5,5.2,67,0.14,0.2,0.8,1.12,0.27,0,120,0,160
363,へちま　,0.8,0.1,3.8,4,0.03,0.04,0.2,0.3,0.07,0,5,0,12
364,ほうれんそう,2.2,0.4,3.1,350,0.11,0.2,0.6,0.2,0.14,0,35,0,270
365,まこも,1.3,0.2,4.4,1,0.04,0.03,0.5,0.25,0.08,0,6,0,2
366,みずかけな,2.9,0.1,4.7,190,0.11,0.23,1.1,0.55,0.17,0,88,0,200
367,みずな,2.2,0.1,4.8,110,0.08,0.15,0.7,0.5,0.18,0,55,0,120
368,切りみつば　　,1,0.1,4,61,0.03,0.09,0.4,0.29,0.04,0,8,0,63
369,根みつば,1.9,0.1,4.1,140,0.05,0.13,1,0.33,0.06,0,22,0,120
370,糸みつば,0.9,0.1,2.9,270,0.04,0.14,0.7,0.3,0.06,0,13,0,220
371,みぶな　　　,1.1,0.3,2.9,150,0.04,0.07,0.7,0.12,0.11,0,38,0,160
372,みょうが,0.9,0.1,2.6,3,0.05,0.05,0.4,0.2,0.07,0,2,0,20
373,みょうがたけ,0.4,0.1,1.5,1,0.02,0.02,0.1,0.07,0.02,0,1,0,8
374,むかご 　,2.9,0.2,20.6,2,0.11,0.02,0.3,0.6,0.07,0,9,0,0
375,めキャベツ　,5.7,0.1,9.9,59,0.19,0.23,0.9,0.76,0.27,0,160,0,150
376,めたで　　,3,0.5,8.8,410,0.15,0.21,1.1,0.29,0.27,0,67,0,360
377,アルファルファもやし　,1.6,0.1,2,5,0.07,0.09,0.2,0.46,0.1,0,5,0,47
378,だいずもやし,3.7,1.5,2.3,0,0.09,0.07,0.4,0.36,0.08,0,5,0,57
379,ブラックマッペもやし,2,Tr,2.7,0,0.04,0.06,0.4,0.34,0.06,0,11,0,5
380,りょくとうもやし,1.7,0.1,2.6,Tr,0.04,0.05,0.3,0.23,0.05,0,8,0,3
381,モロヘイヤ　,4.8,0.5,6.3,840,0.18,0.42,1.1,1.83,0.35,0,65,0,640
382,やまごぼう　　,4.1,0.1,15.6,0,0.02,0.1,0.4,0.02,0.03,0,0,0,1
383,ゆりね　　,3.8,0.1,28.3,0,0.08,0.07,0.7,0,0.12,0,9,0,0
384,ようさい,2.2,0.1,3.1,360,0.1,0.2,1,0.4,0.11,0,19,0,250
385,よめな,3.4,0.2,10,560,0.23,0.32,3.2,0.5,0.1,0,42,0,440
386,よもぎ　　　,5.2,0.3,8.7,440,0.19,0.34,2.4,0.55,0.08,0,35,0,340
387,らっかせい　,12,24.2,12.4,Tr,0.54,0.09,10,1.4,0.21,0,20,0,0
388,らっきょう　,1.4,0.2,29.3,0,0.07,0.05,2.1,0.56,0.12,0,23,0,1
389,エシャレット　,2.3,0.2,17.8,2,0.03,0.05,0.8,0.33,0.11,0,21,0,6
390,リーキ　　,1.6,0.1,6.9,4,0.06,0.08,0.4,0.17,0.24,0,11,0,9
391,ルッコラ　,1.9,0.4,3.1,300,0.06,0.17,0.5,0.55,0.11,0,66,0,210
392,ルバーブ　　,0.7,0.1,6,3,0.04,0.05,0.2,0.1,0.02,0,5,0,7
393,レタス　,0.6,0.1,2.8,20,0.05,0.03,0.2,0.2,0.05,0,5,0,29
394,リーフレタス　,1.4,0.1,3.3,200,0.1,0.1,0.4,0.24,0.1,0,21,0,160
395,サニーレタス　,1.2,0.2,3.2,170,0.1,0.1,0.3,0.14,0.08,0,17,0,160
396,サンチュ,1.2,0.4,2.5,320,0.06,0.1,0.4,0.08,0.08,0,13,0,220
397,コスレタス　,1.2,0.2,3.4,43,0.06,0.06,0.3,0.23,0.05,0,8,0,54
398,れんこん　,1.9,0.1,15.5,Tr,0.1,0.01,0.4,0.89,0.09,0,48,0,0
399,わけぎ　　　,1.6,0,7.4,220,0.06,0.1,0.3,0.21,0.18,0,37,0,170
400,わさび　,5.6,0.2,18.4,1,0.06,0.15,0.6,0.2,0.32,0,75,0,49
401,わらび　　,2.4,0.1,4,18,0.02,1.09,0.8,0.45,0.05,0,11,0,17
402,あけび　　,0.5,0.1,22,0,0.07,0.03,0.3,0.29,0.08,0,65,0,0
403,アセロラ　　,0.7,0.1,9,31,0.03,0.04,0.3,0.25,0,0,1700,0,0
404,アテモヤ,1.8,0.4,19.4,0,0.08,0.12,0.9,0.23,0.28,0,14,0,0
405,アボカド,2.5,18.7,6.2,6,0.1,0.21,2,1.65,0.32,0,15,0,0
406,あんず,1,0.3,8.5,120,0.02,0.02,Tr,0.3,0.05,0,3,0,0
407,いちご　　　,0.5,0.2,82.8,2,0,0,0.1,0.02,0.01,0,0,0,0
408,いちじく　　　,0.6,0.1,14.3,1,0.03,0.03,0.2,0.23,0.07,0,2,0,0
409,うめ　　,0.7,0.5,7.9,20,0.03,0.05,0.4,0.35,0.06,0,6,0,0
410,グリーンオリーブ　　,1,15,4.5,38,0.01,0.02,Tr,0,0.03,0,12,0,0
411,ブラックオリーブ　　,0.8,12.3,3.4,0,0.05,0.06,0.3,0,0.02,0,Tr,0,0
412,スタッフドオリーブ　　,0.8,14.3,4.2,44,0.01,0.01,Tr,0,0.02,0,11,0,0
413,かき　　,0.4,0.2,15.9,35,0.03,0.02,0.3,0.28,0.06,0,70,0,0
414,かりん　　,0.4,0.1,18.3,11,0.01,0.03,0.3,0.31,0.04,0,25,0,0
415,いよかん　　,0.9,0.1,11.8,13,0.06,0.03,0.3,0.36,0.07,0,35,0,0
416,かぼす　,0.4,0.1,8.5,1,0.02,0.02,0.1,0.15,0.03,0,42,0,0
417,かわちばんかん　,0.7,0.2,8.8,4,0.06,0.02,0.3,0.13,0.05,0,36,0,0
418,きよみ,0.8,0.2,10.3,45,0.1,0.02,0.3,0.27,0.08,0,42,0,0
419,きんかん　,0.5,0.7,17.5,11,0.1,0.06,0.6,0.29,0.06,0,49,0,0
420,グレープフルーツ　,0.9,0.1,9.6,0,0.07,0.03,0.3,0.39,0.04,0,36,0,0
421,さんぼうかん　,0.7,0.3,10.9,4,0.07,0.03,0.4,0.35,0.06,0,39,0,0
422,シークヮーサー,0.8,0.1,7.9,7,0.08,0.03,0.3,0.1,0.03,0,11,0,0
423,しらぬひ　,0.8,0.2,12.9,30,0.09,0.03,0.3,0.25,0.04,0,48,0,0
424,すだち　,1.8,0.3,16.4,44,0.04,0.09,0.5,0.23,0.16,0,110,0,0
425,せとか,0.8,0.2,11.7,77,0.08,0.03,0.3,0.13,0.05,0,57,0,0
426,セミノール　,1.1,0.1,12.4,89,0.01,0.04,0.3,0.45,0.09,0,41,0,0
427,だいだい,0.3,0.2,8,2,0.03,0.02,0.4,0.12,0.02,0,35,0,0
428,なつみかん,0.9,0.1,10,7,0.08,0.03,0.4,0.29,0.05,0,38,0,0
429,はっさく,0.8,0.1,11.5,9,0.06,0.03,0.2,0.3,0.07,0,40,0,0
430,はるみ　　,0.9,0.2,12.1,57,0.11,0.02,0.2,0.21,0.05,0,40,0,0
431,ひゅうがなつ　,0.6,0.1,11.7,1,0.05,0.03,0.3,0.23,0.06,0,26,0,0
432,ぶんたん　,0.7,0.1,9.8,1,0.03,0.04,0.3,0.32,0,0,45,0,0
433,ぽんかん　,0.9,0.1,9.9,52,0.08,0.04,0.2,0.24,0.05,0,40,0,0
434,ゆず,1.2,0.5,14.2,20,0.07,0.1,0.5,0.89,0.09,0,160,0,0
435,ライム　,0.4,0.1,9.3,0,0.03,0.02,0.1,0.16,0.05,0,33,0,0
436,キウイフルーツ　,1,0.1,13.5,6,0.01,0.02,0.3,0.29,0.12,0,69,0,0
437,キワノ　　,1.5,0.9,8,3,0.03,0.01,0.2,0.14,0.04,0,2,0,0
438,グァバ,0.6,0.1,9.9,50,0.03,0.04,0.8,0.32,0.06,0,220,0,0
439,グーズベリー　　　,1,0.1,13.2,10,0.02,0.02,0.2,0.4,0.02,0,22,0,0
440,ぐみ　,1.3,0.2,17.2,32,0.01,0.04,0.3,0.45,0.02,0,5,0,0
441,ココナッツウォーター　　　,0.2,0.1,5,0,0.01,0.01,0.1,0,0,0,2,0,0
442,ココナッツミルク　　　,1.9,16,2.8,0,0.01,0,0.4,0,0.02,0,0,0,0
443,ナタデココ　　　,0,Tr,20.2,0,0,0,0,0,0,0,0,0,0
444,さくらんぼ　,1,0.2,15.2,8,0.03,0.03,0.2,0.24,0.02,0,10,0,0
445,ざくろ　,0.2,Tr,15.5,0,0.01,0.01,0.2,0.32,0.04,0,10,0,0
446,すいか　　,0.6,0.1,9.5,69,0.03,0.02,0.2,0.22,0.07,0,10,0,0
447,スターフルーツ　,0.7,0.1,7.5,6,0.03,0.02,0.3,0.38,0.02,0,12,0,0
448,にほんすもも,0.6,1,9.4,7,0.02,0.02,0.3,0.14,0.04,0,4,0,0
449,プルーン,0.7,0.1,12.6,40,0.03,0.03,0.5,0.22,0.06,0,4,0,0
450,チェリモヤ　　,1.3,0.3,19.8,Tr,0.09,0.09,0.7,0.36,0.23,0,34,0,0
451,ドラゴンフルーツ　,1.4,0.3,11.8,0,0.08,0.06,0.4,0.53,0.05,0,7,0,0
452,ドリアン　,2.3,3.3,27.1,3,0.33,0.2,1.4,0.22,0.25,0,31,0,0
453,なし,0.3,0.1,11.3,0,0.02,Tr,0.2,0.14,0.02,0,3,0,0
454,なつめ　　,3.9,2,71.4,1,0.1,0.21,1.6,0.86,0.14,0,1,0,0
455,なつめやし　　,2.2,0.2,71.3,13,0.07,0.04,1.8,0.94,0.16,0,0,0,0
456,パインアップル　,0.6,0.1,13.4,3,0.08,0.02,0.2,0.28,0.08,0,27,0,0
457,ハスカップ　,0.7,0.6,12.8,11,0.02,0.03,0.5,0.29,0.04,0,44,0,0
458,パッションフルーツ　　,0.8,0.4,16.2,89,0.01,0.09,1.9,0.63,0.18,0,16,0,0
459,バナナ　,1.1,0.2,22.5,5,0.05,0.04,0.7,0.44,0.38,0,16,0,0
460,パパイア　　,0.5,0.2,9.5,40,0.02,0.04,0.3,0.42,0.01,0,50,0,0
461,びわ　,0.3,0.1,10.6,68,0.02,0.03,0.2,0.22,0.06,0,5,0,0
462,ぶどう　　,0.4,0.1,15.7,2,0.04,0.01,0.1,0.1,0.04,0,2,0,0
463,干しぶどう　　　,2.7,0.2,80.7,1,0.12,0.03,0.6,0.17,0.23,0,Tr,0,0
464,ぶどう　ジャム　　　,0.5,0.1,47.5,0,0.02,0.01,0.1,0.11,0.04,0,0,0,0
465,ブルーベリー　,0.5,0.1,12.9,5,0.03,0.03,0.2,0.12,0.05,0,9,0,0
466,ブルーベリー　ジャム　　　,0.7,0.3,43.8,2,0.03,0.02,0.4,0.11,0.04,0,3,0,0
467,ホワイトサポテ　　,1.5,0.1,18.9,1,0.05,0.05,0.6,0.22,0.06,0,18,0,0
468,まくわうり　　,0.8,0.1,7.8,15,0.03,0.03,0.8,0.16,0.06,0,30,0,0
469,マルメロ　　,0.3,0.1,15.1,4,0.02,0.02,0.2,0.25,0.05,0,18,0,0
470,マンゴスチン　　,0.6,0.2,17.5,0,0.11,0.03,0.5,0.33,0.04,0,3,0,0
471,温室メロン　,1.1,0.1,10.3,3,0.06,0.02,0.5,0.19,0.1,0,18,0,0
472,露地メロン,1,0.1,10.4,12,0.05,0.02,0.8,0.16,0.11,0,25,0,0
473,もも,0.6,0.1,10.2,Tr,0.01,0.01,0.6,0.13,0.02,0,8,0,0
474,ネクタリン　,0.7,0.3,10.7,20,0.02,0.03,0.7,0.2,0.01,0,10,0,0
475,やまもも　　,0.5,0.2,11.3,2,0.04,0.03,0.3,0.21,0.05,0,4,0,0
476,ライチー　　,1,0.1,16.4,0,0.02,0.06,1,0,0.09,0,36,0,0
477,ラズベリー　　,1.1,0.1,10.2,2,0.02,0.04,0.6,0.43,0.07,0,22,0,0
478,りゅうがん　　,5.1,0.4,72.9,0,0.03,0.74,2.5,0,0.2,0,0,0,0
479,りんご　　,0.1,0.2,15.5,1,0.02,Tr,0.1,0.03,0.04,0,4,0,Tr
480,りんご　ジャム　　　,0.2,0.1,52.7,Tr,0.01,0,0,0,0.03,0,Tr,0,0
481,えのきたけ　　,2.7,0.2,7.6,0,0.24,0.17,6.8,1.4,0.12,0,0,0.9,0
482,あらげきくらげ　,6.9,0.7,77,0,0.01,0.44,1.7,0.61,0.08,0,0,128.5,0
483,きくらげ,7.9,2.1,71.1,0,0.19,0.87,3.2,1.14,0.1,0,0,85.4,0
484,しろきくらげ　,4.9,0.7,74.5,0,0.12,0.7,2.2,1.37,0.1,0,0,15.1,0
485,くろあわびたけ　,3.7,0.4,4.9,0,0.21,0.22,2.9,1.32,0.09,0,Tr,0.3,0
486,生しいたけ,3,0.3,5.7,0,0.13,0.2,3.1,1.05,0.21,0,0,0.4,0
487,はたけしめじ,2.6,0.3,4.5,0,0.12,0.44,5.3,2.08,0.11,0,0,0.9,0
488,ぶなしめじ　,2.7,0.6,5,0,0.16,0.16,6.6,0.86,0.08,0,0,0.6,0
489,ほんしめじ,2.5,0.4,2.8,0,0.07,0.28,5.1,1.59,0.19,0,0,0.6,0
490,たもぎたけ　　,3.6,0.3,3.7,0,0.17,0.33,12,1.32,0.12,0,0,0.8,0
491,なめこ　,1.7,0.2,5.2,0,0.07,0.12,5.1,1.25,0.05,Tr,-,0,0
492,ぬめりすぎたけ　　,2.3,0.4,4.1,0,0.16,0.34,5.9,1.77,0.08,0,1,0.4,0
493,うすひらたけ　,6.1,0.2,4.8,0,0.3,0.41,6.9,2.44,0.23,0,0,2.4,0
494,エリンギ,2.8,0.4,6,0,0.11,0.22,6.1,1.16,0.14,0,0,1.2,0
495,ひらたけ　,3.3,0.3,6.2,0,0.4,0.4,10.7,2.4,0.1,0,0,0.3,0
496,まいたけ　,2,0.5,4.4,0,0.09,0.19,5,0.56,0.06,0,0,4.9,0
497,マッシュルーム　　,2.9,0.3,2.1,0,0.06,0.29,3,1.54,0.11,0,0,0.3,0
498,まつたけ　　,2,0.6,8.2,0,0.1,0.1,8,1.91,0.15,0,-,-,0
499,やなぎまつたけ　,2.4,0.1,4,0,0.27,0.34,6.1,2.61,0.11,0,Tr,0.4,0
500,あおさ　,22.1,0.6,41.7,220,0.07,0.48,10,0.44,0.09,1.3,25,0,5
501,あおのり　　,29.4,5.2,41,1700,0.92,1.66,6.3,0.57,0.5,32.1,62,0,3
502,あまのり　　,39.4,3.7,38.7,3600,1.21,2.68,11.8,0.93,0.61,77.6,160,0,2600
503,あらめ　　　,12.4,0.7,56.2,220,0.1,0.26,2.3,0.28,0.02,0.1,0,0,260
504,いわのり　　　,34.8,0.7,39.1,2300,0.57,2.07,5.4,0.71,0.38,39.9,3,0,1700
505,うみぶどう　　,0.5,0.1,1.2,10,Tr,0.01,Tr,0,0,0,Tr,0,35
506,えごのり　　　,9,0.1,62.2,1,0.04,0.29,0.7,0.38,0.03,5.1,0,0,230
507,おごのり　,1.3,0.1,8.8,65,0.02,0.18,0.1,0,0,0,0,0,160
508,かわのり　　,38.1,1.6,41.7,580,0.38,2.1,3,1.2,0.36,5.7,0,0,4
509,えながおにこんぶ,11,1,55.7,120,0.1,0.25,1.5,0.27,0.03,0.1,3,0,110
510,がごめこんぶ,7.9,0.5,62.1,98,0.21,0.32,1.5,0.13,0.03,0,0,0,170
511,ながこんぶ,8.3,1.5,58.5,65,0.19,0.41,2.1,0.2,0.02,0.1,20,0,240
512,ほそめこんぶ,6.9,1.7,62.9,150,0.06,0.28,1.6,0.24,0.03,0,25,0,96
513,まこんぶ,8.2,1.2,61.5,95,0.48,0.37,1.4,0.21,0.03,0,25,0,90
514,みついしこんぶ,7.7,1.9,64.7,230,0.4,0.6,2.5,0.28,0.03,0,10,0,270
515,りしりこんぶ,8,2,56.5,71,0.8,0.35,2,0.24,0.02,0,15,0,110
516,刻み昆布　　　,5.4,0.5,46,5,0.15,0.33,1.2,0.09,0.01,0,0,0,91
517,削り昆布　　　,6.5,0.9,50.2,64,0.33,0.28,1,0.14,0.02,0,19,0,150
518,塩昆布　　　,16.9,0.4,37,33,0.04,0.23,0.8,0.33,0.07,0,0,0,74
519,つくだ煮　　　,6,1,33.3,5,0.05,0.05,0.6,0.12,0.05,0,Tr,0,310
520,すいぜんじのり　　　,1.5,Tr,2.1,9,0.02,0.01,Tr,0.07,0.01,0.4,0,0,320
521,ところてん　　　,0.2,0,0.6,0,0,0,0,0,0,0,Tr,0,0
522,角寒天　　　,2.4,0.2,74.1,0,0.01,0,0.1,0.46,Tr,0,0,0,0
523,寒天　　　,Tr,Tr,1.5,0,Tr,0,0,0,0,0,0,0,0
524,粉寒天　　　,0.2,0.3,81.7,0,0,Tr,0.1,0,0,0.2,0,0,Tr
525,ひじき　　,9.2,3.2,58.4,360,0.09,0.42,1.8,0.3,0,0,0,0,580
526,ひとえぐさ　,16.6,1,46.3,710,0.3,0.92,2.4,0.88,0.03,0.3,38,0,14
527,ふのり　　　,13.8,1,57.8,59,0.16,0.61,1.7,0.94,0.13,0,1,0,430
528,まつも　　,27.9,4.9,40.8,2500,0.48,1.61,5,1.24,0.06,0,5,0,1100
529,むかでのり　　,0.6,0.1,4.2,2,0,Tr,16,0,0,0,0,0,16
530,おきなわもずく　,0.3,0.2,2,18,Tr,0.09,0,0,0,0,0,0,18
531,もずく　,0.2,0.1,1.4,15,Tr,0.01,Tr,0,Tr,0.1,0,0,14
532,原藻,1.9,0.2,5.6,79,0.07,0.18,0.9,0.19,0.03,0.3,15,0,140
533,乾燥わかめ,13.6,1.6,41.3,650,0.39,0.83,10.5,0.46,0.09,0.2,27,0,660
534,カットわかめ　　　,18,4,41.8,150,0.05,0.07,0.3,0.12,0,0,0,0,1600
535,湯通し塩蔵わかめ　　,1.7,0.4,3.1,21,0.01,0.01,Tr,0.12,Tr,0,0,0,100
536,くきわかめ　,1.1,0.3,5.5,5,0.02,0.02,0.1,0.07,Tr,0,0,0,33
537,めかぶわかめ　　,0.9,0.6,3.4,20,0.02,0.03,0.2,0.05,0.01,0,2,0,40
538,あいなめ　　,19.1,3.4,0.1,6,0.24,0.26,2.6,0.98,0.18,2.2,2,9,0
539,あこうだい　　,16.8,2.3,0.1,26,0.11,0.04,1.1,0.35,0.05,0.7,Tr,1,0
540,まあじ,19.7,4.5,0.1,7,0.13,0.13,5.5,0.41,0.3,7.1,Tr,8.9,Tr
541,まるあじ,22.1,5.6,0.2,11,0.1,0.19,7.4,0.59,0.47,9.9,Tr,18.7,1
542,にしまあじ,19.6,9.1,0.1,16,0.1,0.21,6.1,0.59,0.29,8.1,Tr,8,0
543,むろあじ　,23.6,6.9,0.4,4,0.18,0.32,15.2,0.74,0.57,12.8,Tr,6,0
544,あなご　,17.3,9.3,Tr,500,0.05,0.14,3.2,0.86,0.1,2.3,2,0.4,Tr
545,あまご　　　,18.3,3.6,0.1,7,0.15,0.16,3.9,0.51,0.24,5.5,1,9,0
546,あまだい　　　,18.8,3.6,Tr,27,0.04,0.06,1.5,0.43,0.08,2.1,1,1,0
547,あゆ,17.8,7.9,0.6,55,0.15,0.14,3.5,1.22,0.28,2.6,2,8,0
548,アラスカめぬけ　　,17.2,3.4,0.1,20,0.04,0.05,1.1,0.24,0.07,1.6,Tr,3,0
549,あんこう　,13,0.2,0.3,13,0.04,0.16,1.7,0.21,0.11,1.2,1,1,0
550,いかなご　,17.2,5.5,0.1,200,0.19,0.81,4.6,0.77,0.15,11,1,21,0
551,いさき,17.2,5.7,0.1,41,0.06,0.12,4,0.77,0.31,5.8,Tr,15,0
552,いしだい　,19.5,7.8,Tr,39,0.15,0.15,4.9,0.31,0.34,1.3,Tr,3,0
553,いとよりだい　,18.1,1.7,0.1,28,0.04,0.08,2.3,0.5,0.27,3,2,11,Tr
554,いぼだい　,16.4,8.5,Tr,95,0.04,0.19,4.7,0.57,0.29,2.7,1,2,0
555,うるめいわし,21.3,4.8,0.3,130,0.08,0.36,8,1.25,0.55,14.2,1,9,0
556,かたくちいわし　,18.2,12.1,0.3,11,0.03,0.16,9.7,1.07,0.58,13.9,1,4,0
557,まいわし　,19.2,9.2,0.2,8,0.03,0.39,7.2,1.14,0.49,15.7,0,32,1
558,めざし　,18.2,18.9,0.5,77,0.01,0.21,10.3,1.27,0.37,14.6,Tr,11,0
559,しらす,15,1.3,0.1,110,0.02,0.07,3.7,0.51,0.17,4.2,5,6.7,Tr
560,たたみいわし　　　,75.1,5.6,0.7,410,0.15,0.33,8.2,2.95,0.27,15.6,0,50,0
561,缶詰　トマト漬　　,17.5,10.8,1.3,12,0.01,0.25,6.3,0.68,0.27,10.2,0,20,0
562,缶詰　油漬　　,20.3,30.7,0.3,25,0.08,0.32,7.8,0.81,0.34,18,0,7,0
563,缶詰　かば焼　　,16.2,15.6,9.3,32,0.01,0.24,6.2,0.74,0.24,12,0,17,0
564,缶詰　アンチョビ　　,24.2,6.8,0.1,4,0,0.31,4.1,0.48,0.21,14.5,0,1.7,-
565,いわな　,19,3.6,0.1,5,0.09,0.12,3.4,0.68,0.21,4.2,1,5,0
566,うぐい　,20.1,1.5,0.2,41,0.03,0.11,3.5,1.11,0.16,8.5,Tr,19,0
567,うなぎ　　,17.1,19.3,0.3,2400,0.37,0.48,3,2.17,0.13,3.5,2,18,0
568,うまづらはぎ　,18.2,0.3,Tr,0,0.01,0.13,3.7,0.5,0.4,1.4,Tr,8,0
569,えい,19.1,0.3,0.1,2,0.05,0.12,2.5,0.55,0.25,3.7,1,3,0
570,えそ,20.1,0.8,0.1,0,0.07,0.1,3.3,0.51,0.24,1.7,2,1,0
571,おいかわ　,19.2,5.8,0.1,10,0.01,0.16,4,1.02,0.21,11.3,2,10,0
572,おおさが　　,16.3,8,0.1,85,0.01,0.03,1,0.21,0.05,3.3,1,3,0
573,おこぜ,19.6,0.2,0.2,2,0.01,0.12,2.4,0.51,0.08,0.6,0,1,0
574,おひょう　,19.9,1.7,0.1,13,0.09,0.07,7.1,0.47,0.41,2.1,Tr,3,0
575,かさご　,19.3,0.3,0.1,3,0.03,0.06,1.8,0.47,0.06,1.2,1,2,0
576,かじか　,15,5,0.2,180,0.07,0.38,1.5,0.54,0.08,28.2,1,3,1
577,くろかじき,22.9,0.2,0.1,2,0.05,0.06,13.5,0.29,0.44,1.5,1,38,0
578,まかじき,23.1,1.8,0.1,8,0.09,0.07,10.4,1.25,0.44,4.3,2,12,0
579,めかじき,19.2,7.6,0.1,61,0.06,0.09,7.6,0.39,0.37,1.9,1,8.8,1
580,かつお,25.8,0.5,0.1,5,0.13,0.17,19,0.7,0.76,8.4,Tr,4,0
581,そうだがつお　,25.7,2.8,0.3,9,0.17,0.29,16.2,1.29,0.54,12.4,Tr,22,0
582,なまり　　,29.8,0.7,0.4,(Tr),0.19,0.18,16.3,0.58,0.46,20.5,0,4,0
583,なまり節　　,38,1.1,0.5,(Tr),0.4,0.25,35,0.7,0.36,10.6,0,21,0
584,かつお節　　,77.1,2.9,0.8,(Tr),0.55,0.35,45,0.82,0.53,14.8,0,6,0
585,削り節　　,75.7,3.2,0.4,24,0.38,0.57,37.4,0.97,0.53,21.9,Tr,4,0
586,削り節つくだ煮　　,19.5,3.3,32.3,(Tr),0.13,0.1,12,0.57,0.19,5.3,0,6,0
587,角煮　　,31,1.6,21.4,(Tr),0.15,0.12,17,0.42,0.21,4,0,5,0
588,塩辛　　,12,1.5,Tr,90,0.1,0.25,1.7,0.43,0.05,4.5,0,120,2
589,缶詰　味付け　フレーク　　,18.4,2.7,10.7,(Tr),0.14,0.13,15,0.37,0.29,8.3,0,9,0
590,缶詰　油漬　フレーク　　,18.8,24.2,0.1,(Tr),0.12,0.11,15,0.24,0.4,2.8,0,4,0
591,かます　,18.9,7.2,0.1,12,0.03,0.14,4.5,0.47,0.31,2.3,Tr,11,0
592,まがれい,19.6,1.3,0.1,5,0.03,0.35,2.5,0.66,0.15,3.1,1,13,0
593,まこがれい　　,18,1.8,0.1,6,0.12,0.32,3.1,0.67,0.21,1.8,1,6.7,0
594,子持ちがれい,19.9,6.2,0.1,12,0.19,0.2,2.4,2.41,0.15,4.3,4,4,Tr
595,干しかれい　　　,20.2,3.4,Tr,2,0.25,0.1,5.1,0.71,0.11,1.6,1,1,0
596,かわはぎ　,18.8,0.1,Tr,2,0.02,0.07,3,0.17,0.45,1.3,Tr,43,0
597,かんぱち　,21,4.2,0.1,4,0.15,0.16,8,0.52,0.32,5.3,Tr,4,0
598,きす　,18.5,0.2,0,1,0.09,0.03,2.7,0.18,0.22,2.2,1,0.7,-
599,きちじ　,13.6,21.7,Tr,65,0.03,0.07,0.8,0.2,0.04,1,2,4,0
600,きびなご　,18.8,1.4,0.1,0,0.02,0.25,6.2,0.87,0.44,8.3,3,10,Tr
601,キャビア　　,26.2,17.1,1.1,60,0.01,1.31,0.6,2.38,0.24,18.7,4,1,0
602,キングクリップ　,18.2,0.1,Tr,5,0.03,0.07,1.5,0.42,0.09,1.3,1,Tr,0
603,ぎんだら　　,13.6,18.6,Tr,1500,0.05,0.1,1.7,0.21,0.09,2.8,Tr,3.5,1
604,きんめだい　,17.8,9,0.1,63,0.03,0.05,2.7,0.23,0.28,1.1,1,2,0
605,ぐち,18,0.8,Tr,5,0.04,0.28,2.8,0.46,0.18,2.5,Tr,2.9,0
606,こい　　　,17.7,10.2,0.2,4,0.46,0.18,3.3,1.48,0.13,10,Tr,14,0
607,まごち,22.5,0.5,0.2,1,0.07,0.17,4.5,0.38,0.34,1.7,1,1,0
608,めごち,17.5,0.1,0.1,2,0.02,0.08,2.4,0.16,0.14,3,Tr,11,0
609,このしろ　,19,8.3,0.4,(Tr),Tr,0.17,2.1,1.13,0.33,10.2,0,9,0
610,からふとます　,21.7,6.6,0.1,13,0.25,0.18,8,1.3,0.49,4.6,1,22,0
611,ぎんざけ　,19.6,12.8,0.3,36,0.15,0.14,5.3,1.37,0.32,5.2,1,15,0
612,さくらます　,20.9,7.7,0.1,63,0.11,0.14,8.8,0.97,0.52,7.6,1,10,0
613,しろさけ　,22.3,4.1,0.1,11,0.15,0.21,6.7,1.27,0.64,5.9,1,32,0
614,たいせいようさけ,20.1,16.1,0.1,17,0.22,0.09,7.4,1.73,0.46,8.9,1,10,0
615,にじます,21.4,14.2,0.1,57,0.17,0.1,6.8,1.78,0.45,5.2,2,10.6,-
616,べにざけ,22.5,4.5,0.1,27,0.26,0.15,6,1.23,0.41,9.4,Tr,33,0
617,ますのすけ,19.5,12.5,Tr,160,0.13,0.12,7.7,1.38,0.43,3.4,1,16,0
618,まさば,20.6,16.8,0.3,37,0.21,0.31,11.7,0.66,0.59,12.9,1,5.1,2
619,ごまさば　,23,5.1,0.3,8,0.17,0.28,14.6,0.72,0.65,12.6,Tr,4.3,4
620,たいせいようさば,17.2,26.8,0.4,44,0.14,0.35,6.5,0.72,0.35,8.1,1,10,0
621,塩さば　　,26.2,19.1,0.1,9,0.16,0.59,12,0.59,0.41,7.1,0,11,0
622,開き干し　　,18.7,28.5,0.2,9,0.13,0.59,8.5,0.63,0.42,10.6,0,12,0
623,しめさば　　,18.6,26.9,1.7,14,0.13,0.28,7.7,0.71,0.36,11.4,Tr,8,0
624,缶詰　水煮　　,20.9,10.7,0.2,(Tr),0.15,0.4,8,0.55,0.36,12,0,11,0
625,缶詰　みそ煮　　,16.3,13.9,6.6,42,0.04,0.37,5.9,0.5,0.3,9.6,0,5,0
626,缶詰　味付け　　,21.4,12.6,4,31,0.03,0.27,7.4,0.52,0.33,10.5,0,5,0
627,あぶらつのざめ,16.8,9.4,Tr,210,0.04,0.08,1,0.73,0.33,1.7,Tr,1,0
628,よしきりざめ,18.9,0.6,Tr,9,0.11,0.11,0.9,0.49,0.24,0.3,Tr,0,0
629,ふかひれ　　　,83.9,1.6,Tr,0,Tr,Tr,0.5,0.24,0.02,0.9,0,1,0
630,さより　　,19.6,1.3,Tr,(Tr),Tr,0.12,5.2,0.44,0.33,5.5,2,3,0
631,さわら　,20.1,9.7,0.1,12,0.09,0.35,9.5,1.16,0.4,5.3,Tr,7,0
632,さんま　　,17.6,23.6,0.1,16,0.01,0.27,7.1,0.7,0.51,15.4,Tr,14.9,1
633,しいら　　,21.3,1.9,Tr,8,0.2,0.15,9,0.36,0.46,2.6,1,5,0
634,ししゃも　,21,8.1,0.2,100,0.02,0.25,1.7,1.95,0.07,7.5,1,0.6,1
635,からふとししゃも　,15.6,11.6,0.5,120,Tr,0.31,1.5,1.2,0.08,8.7,1,0.4,Tr
636,したびらめ,19.2,1.6,Tr,30,0.06,0.14,3.3,0.26,0.2,2.6,1,2,0
637,しまあじ　　,21.9,8,0.1,10,0.25,0.15,8.3,0.88,0.52,3.2,Tr,18,0
638,しらうお　,13.6,2,0.1,50,0.08,0.1,1.8,0.94,0.12,3.3,4,1,0
639,シルバー　　,18.6,7.9,Tr,100,0.08,0.18,7.6,0.48,0.5,1.8,0,3,0
640,すずき　,19.8,4.2,Tr,180,0.02,0.2,3.9,0.93,0.27,2,3,10,0
641,きだい,18.6,3.1,0.2,50,0.03,0.04,2.8,0.38,0.2,3.2,1,4,0
642,くろだい,20.4,6.7,0.3,12,0.12,0.3,5.5,0.62,0.42,3.7,3,4,0
643,ちだい,19.4,2.4,0.1,21,0.03,0.1,4.7,0.49,0.33,3,2,2,0
644,まだい,20.9,9.4,0.1,11,0.32,0.08,5.6,1.34,0.4,1.5,3,7,-
645,たかさご　　,20.2,1.5,0.1,7,0.03,0.07,4.3,0.46,0.2,4.4,Tr,2,0
646,たかべ　,18.7,9,Tr,16,0.06,0.18,3.7,0.48,0.23,2,1,4,0
647,たちうお　　,16.5,20.9,Tr,52,0.01,0.07,3.9,0.56,0.2,0.9,1,14,0
648,すけとうだら　,17.4,0.3,0,10,0.05,0.11,1.4,0.2,0.09,2.9,1,0.5,0
649,まだら　,17.6,0.2,0.1,10,0.1,0.1,1.4,0.44,0.07,1.3,Tr,1,0
650,まだら　しらこ　　,13.4,0.8,0.2,8,0.24,0.13,1.5,0.68,0.01,3.1,2,2,0
651,まだら　塩だら　　,15.2,0.1,Tr,(Tr),0.13,0.2,2,0.26,0.11,1.4,Tr,3,0
652,まだら　干しだら　　,73.2,0.8,0.1,(Tr),0.2,0.3,4,1.37,0.34,8.6,0,6,0
653,まだら　でんぶ　　,25.5,1.1,41.5,(Tr),0.04,0.08,1.9,0.15,0.04,0.4,0,1,0
654,ちか　,19.5,0.6,Tr,4,0,0.14,2.7,0.71,0.19,5.4,Tr,1,0
655,どじょう　,16.1,1.2,Tr,15,0.09,1.09,4,0.66,0.1,8.5,1,4,1
656,とびうお,21,0.7,0.1,3,0.01,0.1,7.1,0.42,0.47,3.3,1,2,0
657,ナイルティラピア　,19.8,5.3,0.2,3,0.04,0.2,3.1,1.08,0.67,2.3,1,11,0
658,なまず　,18.4,8.6,Tr,71,0.33,0.1,1.8,0.81,0.16,2.3,0,4,0
659,にぎす　,18.7,1.2,0.1,75,0.12,0.26,3.5,0.77,0.15,3.4,1,Tr,0
660,にしん　　,17.4,15.1,0.1,18,0.01,0.23,4,1.06,0.42,17.4,Tr,22,0
661,にしん　身欠きにしん　　　,20.9,16.7,0.2,(Tr),0.01,0.03,4.7,1.24,0.21,12.6,0,50,0
662,にしん　開き干し　　　,18.5,19.7,0.2,(Tr),0.01,0.03,4.7,1.28,0.25,9,0,36,0
663,にしん　くん製　　　,23.1,22.1,Tr,(Tr),0.01,0.35,5,1.74,0.1,14.5,0,48,0
664,にしん　かずのこ,25.2,6.7,0.2,15,0.15,0.22,1.4,1.37,0.26,11.4,Tr,13,Tr
665,はぜ　,19.1,0.2,0.1,7,0.04,0.04,1.4,0.42,0.07,2.7,1,3,0
666,はたはた　,14.1,5.7,Tr,20,0.02,0.14,3,0.5,0.08,1.7,0,2,0
667,はたはた　生干し　,16.7,10.3,Tr,22,0.05,0.05,0.9,0.5,0.08,3.5,3,1,0
668,はまふえふき　　,20.5,0.3,0.1,8,0.15,0.07,6.4,0.4,0.3,3.7,Tr,11,0
669,はも,22.3,5.3,Tr,59,0.04,0.18,3.8,0.46,0.23,1.9,1,5,0
670,ひらまさ,22.6,4.9,0.1,19,0.2,0.14,7.6,0.26,0.52,2.1,3,5,0
671,ひらめ,21.6,3.7,Tr,19,0.12,0.34,6.2,0.89,0.44,1.5,5,1.9,-
672,とらふぐ,19.3,0.3,0.2,3,0.06,0.21,5.9,0.36,0.45,1.9,Tr,4,0
673,まふぐ,18.9,0.4,Tr,7,0.04,0.17,7,0.23,0.5,3,0,6,0
674,ふな　　,18.2,2.5,0.1,12,0.55,0.14,2.3,0.69,0.11,5.5,1,4,0
675,ぶり,20.7,17.2,0.3,32,0.16,0.21,9,0.99,0.45,4.6,2,4,-
676,ほうぼう,19.6,4.2,Tr,9,0.09,0.15,5,0.82,0.44,2.2,3,3,0
677,ホキ　,17,1.3,Tr,43,0.03,0.16,1.3,0.42,0.07,0.7,0,1,0
678,ほっけ　　,17.3,4.4,0.1,25,0.09,0.17,2.5,1.16,0.17,10.7,1,3,0
679,塩ほっけ　　　,18.1,4.9,0.1,20,0.1,0.27,2.9,0.79,0.18,7.3,Tr,3,0
680,ぼら　　,19.2,5,0.1,8,0.16,0.26,4.5,0.66,0.43,4.7,1,10,0
681,ぼら　からすみ　　　,40.4,28.9,0.3,350,0.01,0.93,2.7,5.17,0.26,28.4,10,33,7
682,ほんもろこ,17.5,4.1,0.1,250,0.03,0.2,2.5,0.73,0.13,9,2,5,0
683,きはだ,24.3,0.4,Tr,2,0.15,0.09,17.5,0.36,0.64,5.8,0,6,0
684,くろまぐろ　赤身,26.4,1.4,0.1,83,0.1,0.05,14.2,0.41,0.85,1.3,2,5,Tr
685,くろまぐろ　脂身,20.1,27.5,0.1,270,0.04,0.07,9.8,0.47,0.82,1,4,18,0
686,びんなが,26,0.7,0.2,4,0.13,0.1,20.7,0.31,0.94,2.8,1,7,0
687,みなみまぐろ　赤身,21.6,0.1,0.1,6,0.03,0.05,11,0.3,1.08,2.2,Tr,4,0
688,みなみまぐろ　脂身,20.3,28.3,0.1,34,0.1,0.06,10.8,0.29,1,1.5,5,5,0
689,めじまぐろ,25.2,4.8,0.1,61,0.19,0.19,19.4,0.59,0.73,6.9,1,12,0
690,めばち,22.8,1.2,0.2,3,0.03,0.08,13.5,0.2,0.46,4.5,Tr,2,0
691,缶詰　水煮　フレーク　ライト　　,16,0.7,0.2,10,0.01,0.04,9.5,0.13,0.26,1.1,0,3,0
692,缶詰　水煮　フレーク　ホワイト　　,18.3,2.5,0.4,(Tr),0.07,0.03,11,0.13,0.15,1.4,0,2,0
693,缶詰　味付け　フレーク　　,19,2.3,9.9,(Tr),0.07,0.03,8,0.23,0.16,3.7,0,5,0
694,缶詰　油漬　フレーク　ライト　　,17.7,21.7,0.1,8,0.01,0.03,8.8,0.09,0.26,1.1,0,2,44
695,缶詰　油漬　フレーク　ホワイト　　,18.8,23.6,0.1,(Tr),0.05,0.13,12,0.12,0.15,2,0,4,-
696,マジェランあいなめ,13.3,22.9,0.1,1800,0.02,0.08,0.9,0.29,0.04,0.6,Tr,17,0
697,まながつお,17.1,10.9,Tr,90,0.22,0.13,3.6,1.37,0.3,1.4,1,5,0
698,みなみくろたち　,21.7,3,0.1,55,0.06,0.2,7.5,0.85,0.5,6.5,1,2,0
699,みなみだら　,16.4,0.3,Tr,6,0.03,0.27,1.7,0.44,0.09,1.6,0,7,0
700,むつ,16.7,12.6,Tr,8,0.03,0.16,2.4,0.31,0.1,1.9,Tr,4,0
701,めじな　,19.4,4.5,0.1,55,0.05,0.38,2.7,0.44,0.16,1.8,0,1,0
702,めばる　,18.1,3.5,Tr,11,0.07,0.17,1.6,0.37,0.11,1.5,2,1,0
703,メルルーサ　,17,0.6,Tr,5,0.09,0.04,1,0.32,0.07,0.8,Tr,1,0
704,やつめうなぎ　　,15.8,21.8,0.2,8200,0.25,0.85,3,1.18,0.2,4.9,2,3,0
705,干しやつめ　　　,50.3,31.2,0.5,1900,0.33,1.69,7,5.76,0.14,54.8,0,12,0
706,やまめ　　,18.4,4.3,0.3,15,0.15,0.16,3.8,1.48,0.22,6.6,3,8,0
707,わかさぎ　,14.4,1.7,0.1,99,0.01,0.14,1.6,0.51,0.17,7.9,1,2,Tr
708,あかがい　,13.5,0.3,3.5,35,0.2,0.2,2.5,1.02,0.1,59.2,2,0,1
709,あげまき　,8.1,0.6,2,27,0.3,0.14,1.3,0.37,0.04,59.4,1,1,0
710,あさり,6,0.3,0.4,4,0.02,0.16,1.4,0.39,0.04,52.4,1,0,Tr
711,あわび　　,12.7,0.3,4,1,0.1,0.09,1,1.9,0.02,0.4,1,0,23
712,いがい　　,10.3,1.4,3.2,34,0.01,0.37,1.4,0.63,0.02,10.3,5,0,Tr
713,いたやがい　　,10.8,0.8,1.5,6,0,0.2,1.4,0.24,0.07,13.1,Tr,0,0
714,エスカルゴ　水煮缶詰　　　,16.5,1,0.8,0,0,0.09,0,0,0,0.6,0,0,5
715,かき　　　　,6.6,1.4,4.7,22,0.04,0.14,1.4,0.59,0.08,28.1,3,0,0
716,さざえ　　,19.4,0.4,0.8,31,0.04,0.09,1.7,0.24,0.05,1.3,1,0,3
717,さるぼう　味付け缶詰　　　,15.9,2.2,12.9,8,0.01,0.07,1.6,0.19,0.04,24.9,0,0,0
718,しじみ,7.5,1.4,4.5,33,0.02,0.44,1.5,0.53,0.1,68.4,2,0.2,2
719,たいらがい　,21.8,0.2,1.5,Tr,0.01,0.09,1.5,0.51,0.06,-,2,0,0
720,たにし　　,13,1.1,3.6,95,0.11,0.32,2,0.52,0.05,17.8,Tr,0,1
721,つぶ,17.8,0.2,2.3,2,Tr,0.12,0.9,0.59,0.11,6.5,Tr,0,0
722,とこぶし,16,0.4,3,5,0.15,0.14,1.7,1.57,0.07,3.2,1,0,0
723,とりがい　,12.9,0.3,6.9,Tr,0.16,0.06,1.7,1.1,0.04,10.1,1,0,0
724,ばい　,16.3,0.6,3.1,1,0.03,0.14,1.3,1.02,0.11,4.3,2,0,0
725,ばかがい　,10.9,0.5,2.4,5,0.14,0.06,2.1,0.79,0.08,7.9,1,0,0
726,はまぐり,6.1,0.6,1.8,9,0.08,0.16,1.1,0.37,0.08,28.4,1,0,Tr
727,ほたてがい　　,13.5,0.9,1.5,23,0.05,0.29,1.7,0.66,0.07,11.4,3,0,1
728,ほっきがい　,11.1,1.1,3.8,7,0.01,0.16,1.9,0.2,0.12,47.5,2,0,0
729,みるがい　,18.3,0.4,0.3,Tr,Tr,0.14,2,0.64,0.05,9.1,1,0,0
730,あまえび,19.8,0.3,0.1,3,0.02,0.03,1.1,0.21,0.04,2.4,Tr,0,0
731,いせえび,20.9,0.4,Tr,0,0.01,0.03,2.1,0.41,0.14,0.3,1,0,0
732,くるまえび　,21.6,0.6,Tr,4,0.11,0.06,3.8,1.11,0.12,1.9,Tr,0,0
733,さくらえび　　,64.9,4,0.1,(Tr),0.17,0.15,5.5,1.16,0.21,11,0,0,0
734,大正えび,21.7,0.3,0.1,6,0.03,0.04,2.4,0.61,0.07,2.1,1,0,0
735,しばえび,18.7,0.4,0.1,4,0.02,0.06,2.2,0.38,0.1,1.1,2,0,0
736,バナメイエビ　,19.6,0.6,0.7,0,0.03,0.04,3.6,0.23,0.14,1.2,1,0,0
737,ラックタイガー,18.4,0.3,0.3,1,0.07,0.03,2.6,0.59,0.07,0.9,Tr,0,0
738,干しえび　　,48.6,2.8,0.3,14,0.1,0.19,4.3,0.72,0.19,10.5,0,0,0
739,つくだ煮　　,25.9,2.2,30.1,(Tr),0.14,0.11,5,0.65,0.08,6.3,0,0,0
740,がざみ,14.4,0.3,0.3,1,0.02,0.15,4.2,0.78,0.18,4.7,Tr,0,0
741,毛がに,15.8,0.5,0.2,(Tr),0.07,0.23,2.3,0.41,0.16,1.9,Tr,0,0
742,ずわいがに,13.9,0.4,0.1,(Tr),0.24,0.6,8,0.48,0.13,4.3,Tr,0,0
743,たらばがに,13,0.3,0.2,1,0.05,0.07,2.1,0.65,0.14,5.8,1,0,0
744,がん漬　　,8.4,0.4,5.4,Tr,0.1,0.5,2,0.26,0.07,2.2,0,0,1
745,あかいか,17.9,1.4,Tr,4,0.01,0.02,2.1,0.31,0.1,2.3,1,0,0
746,けんさきいか,17.5,1,0.1,7,0.01,0.02,2.5,0.28,0.11,2.5,2,0,0
747,こういか,14.9,0.3,0.1,5,0.03,0.05,1.3,0.52,0.06,1.4,1,0,0
748,するめいか,17.9,0.8,0.1,13,0.07,0.05,4,0.34,0.21,4.9,1,0.3,-
749,ほたるいか　,11.8,3.5,0.2,1500,0.19,0.27,2.6,1.09,0.15,14,5,0,Tr
750,やりいか　,17.6,1,0.4,8,0.04,0.03,3.5,0.27,0.1,1.1,2,0,0
751,するめ　　,69.2,4.3,0.4,22,0.1,0.1,14.1,1.57,0.34,12.3,0,0,0
752,さきいか　　,45.5,3.1,17.3,3,0.06,0.09,8.9,0.47,0.32,6.9,0,0,0
753,くん製　　,35.2,1.5,12.8,(Tr),0.1,0.15,9,0.17,0.1,5.3,0,0,0
754,切りいかあめ煮　　,22.7,4.7,46.1,(Tr),0.06,0.1,7,0.17,0.1,10,0,0,0
755,いかあられ　　,20,1.8,49.1,(Tr),0.07,0.1,7,0.31,0.14,3.3,0,0,0
756,塩辛　　,15.2,3.4,6.5,200,Tr,0.1,3.3,0.61,0.31,16.7,Tr,0,Tr
757,味付け缶詰　　,21.4,1.8,7.7,7,0.02,0.07,2.2,0.2,0.11,3.8,0,0,0
758,いいだこ,14.6,0.8,0.1,36,0.01,0.08,3.2,0.7,0.11,2,1,0,0
759,まだこ,16.4,0.7,0.1,5,0.03,0.09,2.2,0.24,0.07,1.3,Tr,0,Tr
760,あみ　つくだ煮　　　,19.1,1.8,35.1,170,0.13,0.21,1.8,0.78,0.08,7,0,0,7
761,あみ　塩辛　　　,12.9,1.1,0.8,65,0.07,0.07,1.8,0.61,0.09,2.7,0,0,0
762,うに　生うに　　　,16,4.8,3.3,58,0.1,0.44,1.1,0.72,0.15,1.3,3,0,27
763,うに　粒うに　　　,17.2,5.8,15.6,83,0.14,0.65,1.4,1.32,0.07,5.4,0,0,22
764,うに　練りうに　　　,13.5,2.9,22.4,25,Tr,0.3,0.7,1.22,0.06,4.8,0,0,15
765,おきあみ　生　　　,15,3.2,0.2,180,0.15,0.26,1.9,0.5,0.09,6.2,2,0,0
766,くらげ　塩抜き　　　,5.2,0.1,Tr,0,Tr,0.01,0,0,0,0.2,0,0,0
767,しゃこ　　,19.2,1.7,0.2,180,0.26,0.13,1.2,0.3,0.06,12.9,0,0,0
768,なまこ　,4.6,0.3,0.5,Tr,0.05,0.02,0.1,0.71,0.04,2.3,0,0,0
769,このわた　　　,11.4,1.8,0.5,66,0.2,0.5,4.6,2.13,0.13,11.4,0,0,23
770,ほや　,5,0.8,0.8,Tr,0.01,0.13,0.5,0.33,0.02,3.8,3,0,0
771,かに風味かまぼこ　　　　,12.1,0.5,9.2,21,0.01,0.04,0.2,0.08,0.01,0.7,1,1,0
772,昆布巻きかまぼこ　　　　,8.9,0.5,11,6,0.03,0.08,0.4,0.05,0.01,0,Tr,Tr,0
773,す巻きかまぼこ　　　　,12,0.8,8.7,(Tr),Tr,0.01,0.5,0.06,0.01,0.5,0,1,0
774,蒸しかまぼこ　　　　,12,0.9,9.7,(Tr),Tr,0.01,0.5,0,0.01,0.3,0,2,0
775,焼き抜きかまぼこ　　　　,16.2,1,7.4,(Tr),0.05,0.08,0.7,0.04,0.02,0.1,0,2,0
776,焼き竹輪　　　　,12.2,2,13.5,(Tr),0.05,0.08,0.7,0.04,0.01,0.8,0,1,0
777,だて巻　　　　,14.6,7.5,17.6,60,0.04,0.2,0.2,0.52,0.03,0.3,0,1,0
778,つみれ　　　　,12,4.3,6.5,(Tr),0.02,0.2,4.5,0.15,0.09,2.2,0,5,0
779,なると　　　　,7.6,0.4,11.6,(Tr),Tr,0.01,0.7,0.04,Tr,0.4,0,Tr,0
780,はんぺん　　　　,9.9,1,11.4,(Tr),Tr,0.01,0.7,0.1,0.07,0.4,0,Tr,0
781,さつま揚げ　　　　,12.5,3.7,13.9,(Tr),0.05,0.1,0.5,0.04,0.02,1.2,0,1,0
782,魚肉ハム　　　　,13.4,6.7,11.1,(Tr),0.2,0.6,5,0.21,0.05,0.4,0,1.6,0
783,魚肉ソーセージ　　　　,11.5,7.2,12.6,(Tr),0.2,0.6,5,0.06,0.02,0.3,0,0.9,0
784,いのしし　肉　脂身つき　,18.8,19.8,0.5,4,0.24,0.29,5.2,1.02,0.35,1.7,1,0.4,1
785,いのぶた　肉　脂身つき　　,18.1,24.1,0.3,11,0.62,0.16,6.2,1.23,0.48,0.7,1,1.1,3
786,うさぎ　肉　赤肉,20.5,6.3,Tr,3,0.1,0.19,8.5,0.74,0.53,5.6,1,0,1
787,うし　かた　脂身つき,17.7,22.3,0.3,Tr,0.08,0.21,4.3,1,0.32,1.5,1,0,7
788,うし　かた　皮下脂肪なし,18.3,19.8,0.3,Tr,0.08,0.22,4.5,1.04,0.33,1.6,1,0,6
789,うし　かた　赤肉,20.2,12.2,0.3,0,0.09,0.24,4.9,1.14,0.37,1.7,1,0,4
790,うし　かた　脂身,4,78,0,3,0.02,0.03,1,0.24,0.06,0.5,0,0,23
791,うし　かたロース　脂身つき,13.8,37.4,0.2,3,0.06,0.17,3.2,0.9,0.18,1.1,1,0,8
792,うし　かたロース　皮下脂肪なし,14,36.5,0.2,3,0.06,0.17,3.3,0.91,0.18,1.1,1,0,8
793,うし　かたロース　赤肉,16.5,26.1,0.2,3,0.07,0.21,3.8,1.07,0.21,1.2,1,0,7
794,うし　リブロース　脂身つき,9.7,56.5,0.1,11,0.04,0.09,2.4,0.35,0.15,1.1,1,0,8
795,うし　リブロース　皮下脂肪なし,10.3,54.4,0.1,10,0.04,0.09,2.6,0.37,0.16,1.2,1,0,8
796,うし　リブロース　赤肉,14,40,0.2,7,0.05,0.13,3.5,0.5,0.23,1.5,1,0,7
797,うし　リブロース　脂身,4.2,78,0,16,0.02,0.03,1,0.15,0.05,0.7,Tr,0,10
798,うし　サーロイン　脂身つき,11.7,47.5,0.3,3,0.05,0.12,3.6,0.66,0.23,1.1,1,0,10
799,うし　サーロイン　皮下脂肪なし,12.9,42.5,0.3,3,0.05,0.13,4,0.72,0.26,1.1,1,0,9
800,うし　サーロイン　赤肉,17.1,25.8,0.4,2,0.07,0.17,5.3,0.93,0.35,1.4,1,0,7
801,うし　ばら　脂身つき,11,50,0.1,3,0.04,0.11,3.1,0.74,0.16,1.2,1,0,16
802,うし　もも　脂身つき,19.2,18.7,0.5,Tr,0.09,0.2,5.6,1.09,0.34,1.2,1,0,6
803,うし　もも　皮下脂肪なし,20.2,15.5,0.6,Tr,0.09,0.21,5.9,1.14,0.36,1.2,1,0,5
804,うし　もも　赤肉,21.3,10.7,0.6,0,0.1,0.22,6.2,1.19,0.38,1.3,1,0,4
805,うし　もも　脂身,4.4,75.4,0,3,0.02,0.02,1.3,0.35,0.07,0.4,1,0,24
806,うし　そともも　脂身つき,17.8,20,0.5,1,0.08,0.18,5.7,0.89,0.39,1.1,1,0,8
807,うし　そともも　皮下脂肪なし,18.7,16.6,0.5,Tr,0.08,0.19,6,0.92,0.41,1.1,1,0,7
808,うし　そともも　赤肉,20.7,8.7,0.6,0,0.09,0.22,6.6,1,0.46,1.2,1,0,5
809,うし　ランプ　脂身つき,15.1,29.9,0.4,2,0.08,0.19,4.3,1.22,0.33,1.2,1,0,10
810,うし　ランプ　皮下脂肪なし,16,26.4,0.4,2,0.09,0.2,4.5,1.29,0.35,1.3,1,0,9
811,うし　和ランプ　赤肉,19.2,13.6,0.5,1,0.1,0.25,5.4,1.54,0.42,1.6,1,0,5
812,うし　赤肉,19.1,15,0.3,1,0.09,0.24,4.3,1.28,0.37,1.6,1,0,4
813,うし　かた　脂身つき,16.8,19.6,0.4,5,0.09,0.19,4,1.09,0.32,2.2,1,0,7
814,うし　かた　皮下脂肪なし,17.9,14.9,0.4,4,0.09,0.21,4.3,1.15,0.34,2.3,1,0,6
815,うし　かた　赤肉　生　,19.9,6.1,0.5,3,0.1,0.24,4.8,1.26,0.38,2.6,2,0,4
816,うし　かた　脂身,4.5,73.3,0,17,0.02,0.03,1.3,0.42,0.08,0.5,1,0,23
817,うし　かたロース　脂身つき,16.2,26.4,0.2,7,0.06,0.17,3.6,0.84,0.21,1.7,1,0.1,8
818,うし　かたロース　皮下脂肪なし,16.5,25.2,0.2,7,0.06,0.17,3.7,0.85,0.22,1.7,1,0.1,8
819,うし　かたロース　赤肉,19.1,13.9,0.2,5,0.07,0.2,4.1,0.97,0.25,2,1,0.1,6
820,うし　リブロース　脂身つき,14.1,37.1,0.2,13,0.05,0.12,4,0.64,0.22,1,1,0.1,10
821,うし　リブロース　皮下脂肪なし,15,33.4,0.2,12,0.05,0.13,4.2,0.67,0.23,1.1,1,0.1,9
822,うし　リブロース　赤肉,18.8,17.8,0.3,10,0.06,0.17,5.2,0.81,0.29,1.3,2,0.2,7
823,うし　リブロース　脂身,3.7,80.5,0,18,0.02,0.02,1.3,0.26,0.05,0.4,1,0,17
824,うし　サーロイン　脂身つき,16.5,27.9,0.4,8,0.06,0.1,5.3,0.66,0.38,0.8,1,0,7
825,うし　サーロイン　皮下脂肪なし,18.4,20.2,0.5,7,0.06,0.11,5.9,0.72,0.43,0.8,1,0,6
826,うし　サーロイン　赤肉,21.1,9.1,0.6,5,0.07,0.12,6.7,0.8,0.5,0.9,2,0,4
827,うし　ばら　脂身つき,12.8,39.4,0.3,13,0.05,0.12,3.2,0.6,0.21,1.9,1,0,11
828,うし　もも　脂身つき,19.5,13.3,0.4,3,0.08,0.2,4.9,1.02,0.32,1.2,1,0,5
829,うし　もも　皮下脂肪なし,20.5,9.9,0.4,2,0.08,0.21,5.1,1.06,0.33,1.2,1,0,4
830,うし　もも　赤肉,21.9,4.9,0.4,1,0.09,0.22,5.4,1.12,0.35,1.3,1,0,2
831,うし　もも　脂身,5.1,64.1,0.2,17,0.03,0.03,1.9,0.43,0.11,0.4,1,0,23
832,うし　そともも　脂身つき,18.2,16.3,0.6,5,0.08,0.17,4.4,0.91,0.34,1.6,1,0,8
833,うし　そともも　皮下脂肪なし,19.6,11.1,0.6,4,0.09,0.19,4.6,0.96,0.37,1.7,1,0,6
834,うし　そともも　赤肉,21.3,5,0.7,2,0.09,0.21,5,1.02,0.4,1.9,1,0,5
835,うし　ランプ　脂身つき,18.6,17.8,0.6,6,0.08,0.19,3.7,0.93,0.3,1.6,1,0,8
836,うし　ランプ　皮下脂肪なし,19.7,13.9,0.6,5,0.09,0.2,3.9,0.98,0.31,1.7,1,0,6
837,うし　ランプ　赤肉,22,6.1,0.7,3,0.1,0.23,4.2,1.06,0.34,1.9,2,0,4
838,うし　ヒレ　赤肉,20.8,11.2,0.5,4,0.12,0.26,4.7,0.9,0.43,3,1,0,4
839,うし　リブロース　脂身つき,12,51.8,0.3,3,0.05,0.1,3.2,0.45,0.21,1.1,1,0,7
840,うし　リブロース　皮下脂肪なし,13.6,45.2,0.3,3,0.05,0.11,3.6,0.5,0.24,1.2,1,0,6
841,うし　リブロース　赤肉,16.7,32.3,0.4,2,0.07,0.14,4.6,0.61,0.31,1.4,1,0,4
842,うし　リブロース　脂身,3.6,86.7,0,5,0.01,0.02,0.6,0.16,0.02,0.7,Tr,0,11
843,うし　ばら　脂身つき,12.2,44.4,0.3,3,0.05,0.1,3.2,0.4,0.23,1.7,1,0,10
844,うし　もも　脂身つき,16.4,28.9,0.4,2,0.08,0.16,3.9,0.62,0.31,2.1,1,0,8
845,うし　もも　皮下脂肪なし,18.3,21.6,0.4,1,0.09,0.18,4.3,0.69,0.35,2.3,1,0,6
846,うし　もも　赤肉,19.3,17.5,0.5,1,0.1,0.19,4.5,0.73,0.38,2.4,1,0,5
847,うし　もも　脂身,4.8,75.8,0.1,5,0.02,0.02,1.1,0.17,0.04,0.8,Tr,0,19
848,うし　ヒレ　赤肉,19,18,0.4,2,0.11,0.23,4.4,0.85,0.39,2,1,0,2
849,うし　かた　脂身つき,19,10.6,0.1,7,0.08,0.22,3,0.89,0.26,2.2,1,0.3,3
850,うし　かた　皮下脂肪なし,19.6,7.8,0.1,5,0.08,0.23,3.1,0.92,0.27,2.3,1,0.3,2
851,うし　かた　赤肉,20.4,4.6,0.1,4,0.09,0.25,3.2,0.95,0.27,2.4,1,0.2,1
852,うし　かた　脂身,7.1,60.5,0,30,0.03,0.04,1.6,0.36,0.14,0.5,1,1.2,15
853,うし　かたロース　脂身つき,17.9,17.4,0.1,10,0.07,0.2,3.5,1,0.25,1.8,1,0.4,5
854,うし　かたロース　皮下脂肪なし,18,17.1,0.1,10,0.07,0.2,3.5,1,0.25,1.8,1,0.4,5
855,うし　かたロース　赤肉,19.7,9.5,0.1,7,0.07,0.23,3.8,1.11,0.27,2.1,2,0.2,3
856,うし　リブロース　脂身つき,20.1,15.4,0.4,9,0.08,0.16,5,0.85,0.37,1.3,2,0.4,4
857,うし　リブロース　皮下脂肪なし,20.3,14.4,0.4,9,0.08,0.16,5.1,0.87,0.38,1.4,2,0.4,4
858,うし　リブロース　赤肉,21.7,9.1,0.4,7,0.09,0.17,5.4,0.93,0.4,1.5,2,0.2,3
859,うし　リブロース　脂身,5.7,73.1,0.1,29,0.01,0.02,1.6,0.21,0.11,0.3,0,2.2,16
860,うし　サーロイン　脂身つき,17.4,23.7,0.4,11,0.05,0.12,4.9,0.52,0.42,0.6,1,0.6,5
861,うし　サーロイン　皮下脂肪なし,19.1,16.5,0.4,8,0.06,0.13,5.4,0.57,0.46,0.7,1,0.4,4
862,うし　サーロイン　赤肉,22,4.4,0.5,4,0.06,0.16,6.2,0.65,0.54,0.8,2,0,1
863,うし　ばら　脂身つき,14.4,32.9,0.2,24,0.05,0.12,3.9,0.5,0.28,1.3,1,0.4,13
864,うし　もも　脂身つき,19.6,8.6,0.4,5,0.08,0.19,5,0.78,0.44,1.5,1,0.2,4
865,うし　もも　皮下脂肪なし,20,6.7,0.4,4,0.09,0.2,5.1,0.78,0.45,1.5,1,0.1,4
866,うし　もも　赤肉,21.2,4.3,0.4,3,0.09,0.21,5.4,0.82,0.48,1.6,1,0.1,3
867,うし　もも　脂身,6.3,64.4,0.2,38,0.02,0.03,1.6,0.46,0.13,0.4,1,0.9,19
868,うし　そともも　脂身つき,18.7,14.3,0.3,9,0.06,0.16,4.3,0.8,0.37,1.3,1,0.3,6
869,うし　そともも　皮下脂肪なし,19.3,11.9,0.3,8,0.06,0.17,4.4,0.82,0.38,1.4,1,0.3,5
870,うし　そともも　赤肉,21.2,3.9,0.3,3,0.07,0.19,4.9,0.87,0.42,1.5,1,0.2,3
871,うし　ランプ　脂身つき,18.4,16.4,0.4,11,0.09,0.24,4,0.91,0.44,1.9,1,0.4,5
872,うし　ランプ　皮下脂肪なし,19.7,11.1,0.5,8,0.1,0.26,4.2,0.96,0.47,2,1,0.3,4
873,うし　ランプ　赤肉,21.6,3,0.5,4,0.11,0.29,4.6,1.03,0.52,2.3,1,0.2,1
874,うし　ヒレ　赤肉,20.5,4.8,0.3,4,0.1,0.25,4.7,1.26,0.39,2,1,0.4,2
875,うし　リブロース　皮下脂肪なし,21.7,0.9,0.3,0,0.09,0.17,8.9,0.72,0.48,1.2,1,0,Tr
876,うし　ばら　皮下脂肪なし,20.9,3.6,0,3,0.1,0.18,6.2,0.84,0.26,1.6,1,0,3
877,うし　もも　皮下脂肪なし,21.2,2.7,0.2,3,0.08,0.16,9.3,0.72,0.44,0.8,1,0,1
878,うし,17.1,21.1,0.3,13,0.08,0.19,4.2,0.72,0.25,1.6,1,0.1,9
879,うし　舌,13.3,31.8,0.2,3,0.1,0.23,3.8,0.68,0.14,3.8,1,0,9
880,うし　心臓,16.5,7.6,0.1,9,0.42,0.9,5.8,2.16,0.29,12.1,4,0,5
881,うし　肝臓,19.6,3.7,3.7,1100,0.22,3,13.5,6.4,0.89,52.8,30,0,1
882,うし　じん臓,16.7,6.4,0.2,5,0.46,0.85,5.5,4.08,0.45,22.1,3,0,6
883,うし　第一胃,24.5,8.4,0,1,0.04,0.14,1.7,0.49,0.01,2,2,Tr,6
884,うし　第二胃,12.4,15.7,0,3,0.02,0.1,1,0.44,0.01,2,0,0.1,16
885,うし　第三胃,11.7,1.3,0,4,0.04,0.32,1.7,0.64,0.02,4.6,4,0,4
886,うし　第四胃,11.1,30,0,5,0.05,0.14,0.6,0.34,0.01,3.6,0,0.2,35
887,うし　小腸,9.9,26.1,0,2,0.07,0.23,3.1,1.21,0.05,20.5,15,0,9
888,うし　大腸,9.3,13,0,2,0.04,0.14,2.1,0.66,0.01,1.3,6,0,15
889,うし　直腸,11.6,7,0,2,0.05,0.15,2.3,0.85,0.01,1.7,6,0,12
890,うし　腱,28.3,4.9,0,0,0,0.04,0.2,0.11,0,0.4,0,0,8
891,うし　子宮,18.4,3,0,0,0.01,0.1,0.5,0.35,0.01,1.7,0,0,5
892,うし　尾,11.6,47.1,Tr,20,0.06,0.17,2.6,1.95,0.26,1.8,1,0,Tr
893,うし　横隔膜,14.9,25.2,0.3,4,0.15,0.34,4.2,0.95,0.19,4.7,1,0,6
894,うし　ローストビーフ　　,21.7,11.7,0.9,Tr,0.08,0.25,6.3,0.98,0.47,1.6,0,0.1,4
895,うし　コンビーフ缶詰　　,19.8,13,1.7,Tr,0.02,0.14,7.6,0.2,0.04,1.3,0,0,5
896,うし　味付け缶詰　　,19.2,4.4,9.9,Tr,0.33,0.19,2.4,0.22,0.06,1.4,0,0,3
897,うし　ビーフジャーキー　　,54.8,7.8,6.4,5,0.13,0.45,11.8,1.25,0.85,3.5,1,0.3,8
898,うし　スモークタン　　,18.1,23,0.9,18,0.08,0.27,3.4,1.12,0.13,4.7,1,0.3,16
899,うま　肉　　,20.1,2.5,0.3,9,0.1,0.24,5.8,1.01,0.02,7.1,1,-,2
900,くじら　肉,24.1,0.4,0.2,7,0.06,0.23,11.9,0.31,0.46,2,1,0.1,Tr
901,くじら　うねす,18.8,31.4,0.2,130,0.11,0.2,2.4,0.29,0.06,0.7,6,0.8,2
902,くじら　本皮,9.7,68.8,0.2,130,0.11,0.05,0.5,0.11,0.01,0.4,5,0.3,3
903,さらしくじら　　　,5.3,0.9,0,8,0,0,0,0,0,0,0,0,Tr
904,あかしか　赤肉　,22.3,1.5,0.5,3,0.21,0.35,8,0.81,0.54,0.6,1,Tr,4
905,にほんじか　赤肉　　,22.6,5.2,0.6,5,0.21,0.32,7.9,0.75,0.55,1.3,1,0,3
906,ぶた　かた　脂身つき,18.5,14.6,0.2,5,0.66,0.23,4.9,1.16,0.32,0.4,2,0.2,1
907,ぶた　かた　皮下脂肪なし,19.7,9.3,0.2,4,0.71,0.25,5.3,1.23,0.34,0.4,2,0.2,1
908,ぶた　かた　赤肉,20.9,3.8,0.2,3,0.75,0.27,5.6,1.29,0.37,0.4,2,0.1,1
909,ぶた　かた　脂身,5.3,72.4,0,16,0.2,0.05,1.4,0.48,0.06,0.5,1,0.7,4
910,ぶた　かたロース　脂身つき,17.1,19.2,0.1,6,0.63,0.23,3.6,1.18,0.28,0.5,2,0.3,2
911,ぶた　かたロース　皮下脂肪なし,17.8,16,0.1,6,0.66,0.25,3.7,1.23,0.3,0.4,2,0.3,2
912,ぶた　かたロース　赤肉,19.7,7.8,0.1,4,0.72,0.28,4,1.34,0.33,0.4,2,0.2,1
913,ぶた　かたロース　脂身,5.4,70.7,0,16,0.23,0.05,1.5,0.48,0.07,0.5,1,0.7,4
914,ぶた　ロース　脂身つき,19.3,19.2,0.2,6,0.69,0.15,7.3,0.98,0.32,0.3,1,0.1,3
915,ぶた　ロース　脂身つき　とんかつ　,22,35.9,9.8,11,0.75,0.15,7,0.79,0.31,0.5,1,0.7,16
916,ぶた　ロース　皮下脂肪なし,21.1,11.9,0.3,5,0.75,0.16,8,1.05,0.35,0.3,1,0.1,2
917,ぶた　ロース　赤肉,22.7,5.6,0.3,4,0.8,0.18,8.6,1.11,0.38,0.3,1,0.1,2
918,ぶた　ロース　脂身,5.1,76.3,0,15,0.22,0.05,1.8,0.44,0.07,0.6,1,0.2,4
919,ぶた　ばら　脂身つき,14.4,35.4,0.1,11,0.51,0.13,4.7,0.64,0.22,0.5,1,0.5,6
920,ぶた　もも　脂身つき,20.5,10.2,0.2,4,0.9,0.21,6.2,0.84,0.31,0.3,1,0.1,2
921,ぶた　もも　皮下脂肪なし,21.5,6,0.2,3,0.94,0.22,6.5,0.87,0.32,0.3,1,0.1,2
922,ぶた　もも　赤肉,22.1,3.6,0.2,3,0.96,0.23,6.6,0.88,0.33,0.3,1,0.1,2
923,ぶた　もも　脂身,6.5,67.6,0,13,0.34,0.05,2.5,0.49,0.13,0.5,1,0.5,6
924,ぶた　そともも　脂身つき,18.8,16.5,0.2,5,0.79,0.18,5.1,0.97,0.36,0.3,1,0.2,2
925,ぶた　そともも　皮下脂肪なし,20.2,10.7,0.2,4,0.85,0.2,5.4,1.04,0.39,0.3,2,0.2,2
926,ぶた　そともも　赤肉,21.4,5.5,0.2,3,0.9,0.21,5.7,1.1,0.41,0.3,2,0.2,2
927,ぶた　そともも　脂身,6.6,68.1,0,16,0.27,0.05,2.2,0.38,0.11,0.4,1,0.4,5
928,ぶた　ヒレ　赤肉,22.2,3.7,0.3,3,1.32,0.25,6.9,0.93,0.54,0.5,1,0.3,3
929,ぶた　ヒレ　赤肉　とんかつ　,25.1,25.3,14.9,3,1.09,0.32,7.1,1.16,0.33,0.6,1,0.3,32
930,ぶた　かた　脂身つき,18.3,17.2,0,5,0.7,0.22,4.8,0.92,0.3,0.3,1,Tr,Tr
931,ぶた　かた　皮下脂肪なし,19.7,10.8,0,3,0.75,0.24,5.2,0.99,0.33,0.3,1,Tr,Tr
932,ぶた　かた　赤肉,21.4,3.5,0,2,0.82,0.27,5.6,1.07,0.36,0.3,2,0,0
933,ぶた　かた　脂身,4.9,75.7,0,15,0.19,0.04,1.4,0.28,0.07,0.3,1,0.2,1
934,ぶた　かたロース　脂身つき,17.7,19.3,0,4,0.7,0.24,4.8,0.98,0.33,0.4,1,Tr,Tr
935,ぶた　かたロース　皮下脂肪なし,18.5,15.7,0,4,0.74,0.25,5,1.01,0.35,0.4,1,Tr,Tr
936,ぶた　かたロース　赤肉,20.6,6.8,0,3,0.82,0.29,5.4,1.1,0.39,0.4,2,0,Tr
937,ぶた　かたロース　脂身,5.4,71.9,0,11,0.21,0.04,2.2,0.47,0.09,0.3,0,0.2,1
938,ぶた　ロース　脂身つき,18.3,22.6,0.2,6,0.77,0.13,7.1,0.66,0.35,0.3,1,0.1,2
939,ぶた　ロース　皮下脂肪なし,20.6,13.6,0.2,5,0.86,0.14,7.9,0.71,0.39,0.3,1,0.1,3
940,ぶた　ロース　赤肉,22.9,4.6,0.2,4,0.96,0.15,8.8,0.77,0.43,0.3,1,0.1,3
941,ぶた　ロース　脂身,4.1,78.3,0,14,0.19,0.04,2,0.31,0.08,0.4,1,0.1,1
942,ぶた　ばら　脂身つき,13.4,40.1,0,9,0.45,0.11,4.2,0.62,0.23,0.3,1,0.1,1
943,ぶた　もも　脂身つき,19.5,15.1,0.2,5,0.9,0.19,7.2,0.92,0.37,0.3,1,0.1,3
944,ぶた　もも　皮下脂肪なし,21.3,7.8,0.2,4,0.98,0.2,7.8,0.99,0.4,0.3,1,0.1,4
945,ぶた　もも　赤肉,21.9,5.3,0.2,4,1.01,0.21,8.1,1.02,0.42,0.3,1,0.1,4
946,ぶた　もも　脂身,5.2,73.8,0,13,0.23,0.04,2,0.3,0.08,0.3,0,0.1,1
947,ぶた　そともも　脂身つき,18,20.3,0.2,4,0.7,0.18,5.7,0.76,0.34,0.3,1,Tr,Tr
948,ぶた　そともも　皮下脂肪なし,21,8.5,0.2,3,0.81,0.21,6.5,0.86,0.41,0.3,1,Tr,Tr
949,ぶた　そともも　赤肉,21.9,4.8,0.2,3,0.84,0.22,6.7,0.89,0.43,0.3,1,0,0
950,ぶた　そともも　脂身,4.9,72.5,0,10,0.24,0.05,2.5,0.31,0.01,0.3,0,0.1,1
951,ぶた　ヒレ,22.7,1.7,0.1,2,1.22,0.25,5.4,0.9,0.48,0.2,1,0,0
952,ぶた　ひき肉,17.7,17.2,0.1,9,0.69,0.22,5.5,1.22,0.36,0.6,1,0.4,5
953,ぶた　舌,15.9,16.3,0.1,7,0.37,0.43,4.5,1.49,0.21,2.2,3,2,Tr
954,ぶた　心臓,16.2,7,0.1,9,0.38,0.95,6,2.7,0.32,2.5,4,0.7,1
955,ぶた　肝臓,20.4,3.4,2.5,13000,0.34,3.6,14,7.19,0.57,25.2,20,1.3,Tr
956,ぶた　じん臓,14.1,5.8,Tr,75,0.33,1.75,6,4.36,0.43,15.3,15,1.7,8
957,ぶた　　胃,17.4,5.1,0,4,0.1,0.23,2.9,0.59,0.04,0.9,5,0.5,14
958,ぶた　小腸,14,11.9,0,15,0.01,0.03,0.1,0.24,0,0.4,0,0.3,5
959,ぶた　大腸,11.7,13.8,0,8,0.03,0.07,0.1,0.27,0,1,0,0.5,26
960,ぶた　子宮,14.6,0.9,0,8,0.06,0.14,2.2,0.38,0.01,3.8,11,0.2,5
961,ぶた　豚足,20.1,16.8,Tr,6,0.05,0.12,0.7,0.16,0.02,0.4,0,1,1
962,ぶた　軟骨,17.8,17.9,0,7,0.08,0.15,1.7,0.47,0.05,0.6,2,0.5,13
963,ぶた　骨付きハム　　,16.7,16.6,0.8,4,0.24,0.24,3.5,0.66,0.25,1.1,39,0.5,4
964,ぶた　ボンレスハム　　,18.7,4,1.8,(Tr),0.9,0.28,6.5,0.7,0.24,1.3,49,0.6,2
965,ぶた　ロースハム　　,16.5,13.9,1.3,(Tr),0.6,0.12,6.6,0.57,0.23,0.4,50,0.6,3
966,ぶた　ショルダーハム　　,16.1,18.2,0.6,4,0.7,0.35,5.7,0.92,0.27,1.9,55,0.2,2
967,ぶた　生ハム　促成　,24,16.6,0.5,5,0.92,0.18,9.9,1.36,0.43,0.4,18,0.3,7
968,ぶた　生ハム　長期熟成　,25.7,18.4,0,5,0.9,0.27,7.6,1.81,0.52,0.6,Tr,0.8,12
969,ぶた　プレスハム　　,15.4,4.5,3.9,(Tr),0.55,0.18,3.8,0.5,0.14,1.8,43,0.3,3
970,ぶた　チョップドハム　　,11.7,4.2,12.7,(Tr),0.17,0.2,1.8,0.5,0.16,0.8,32,0.3,6
971,ぶた　ベーコン　　,12.9,39.1,0.3,6,0.47,0.14,3,0.64,0.18,0.7,35,0.5,1
972,ぶた　ロースベーコン　　,16.8,14.6,3.2,4,0.59,0.19,5.6,0.62,0.22,0.9,50,0.6,6
973,ぶた　ショルダーベーコン　　,17.2,11.9,2.5,4,0.58,0.34,4,0.74,0.18,1,39,0.4,2
974,ぶた　ウインナーソーセージ　　,13.2,28.5,3,(Tr),0.26,0.13,3.6,0.72,0.1,1.1,10,0.5,1
975,ぶた　セミドライソーセージ　　,15.4,29.7,2.6,10,0.24,0.18,17.4,0.62,0.2,1.3,20,0.6,11
976,ぶた　ドライソーセージ　　,25.4,43,2.1,5,0.19,0.31,4.7,0.87,0.24,1.6,10,0.5,11
977,ぶた　フランクフルトソーセージ　　,12.7,24.7,6.2,5,0.21,0.13,2.1,0.61,0.15,0.4,10,0.4,6
978,ぶた　ボロニアソーセージ　　,12.5,21,2.9,5,0.2,0.13,2.4,0.88,0.15,0.4,10,0.3,5
979,ぶた　リオナソーセージ　　,14.9,13.1,3.7,4,0.33,0.14,3.1,0.68,0.2,0.4,43,0.4,4
980,ぶた　レバーソーセージ　　,14.7,33.5,1.9,2800,0.23,1.42,6.5,1.36,0.16,4.7,5,0.5,4
981,ぶた　混合ソーセージ　　,11.8,22.7,4.7,3,0.12,0.1,1.8,0.42,0.08,1,35,1.2,6
982,ぶた　生ソーセージ　　,14,24.4,0.8,12,0.51,0.14,3.3,0.74,0.25,0.4,2,0.7,4
983,ぶた　レバーペースト　　,12.9,34.7,3.6,4300,0.18,1.45,6.8,2.35,0.23,7.8,3,0.3,6
984,ぶた　スモークレバー　　,29.6,7.7,2.6,17000,0.29,5.17,17.8,7.28,0.66,24.4,10,0.9,1
985,ぶた　ゼラチン　　,87.6,0.3,0,0,0,0,0,0.08,0,0.2,0,0,0
986,マトン　ロース,19.8,15,0.2,12,0.16,0.21,5.9,0.51,0.32,1.3,1,0.7,19
987,マトン　もも,18.8,15.3,0.1,7,0.14,0.33,4.6,1.12,0.3,1.6,1,0.4,18
988,ラム　かた,17.1,17.1,0.1,8,0.13,0.26,4.2,0.94,0.12,2,1,0.9,23
989,ラム　ロース,15.6,25.9,0.2,30,0.12,0.16,4.2,0.64,0.23,1.4,1,0,22
990,ラム　もも,20,12,0.3,9,0.18,0.27,6.9,0.8,0.29,1.8,1,0.1,15
991,めんよう　混合プレスハム　　,14.4,4.1,3,(Tr),0.1,0.18,1.8,0.29,0.09,2.1,31,0.4,6
992,やぎ　肉,21.9,1.5,0.2,3,0.07,0.28,6.7,0.45,0.26,2.8,1,0,2
993,うずら　肉　　,20.5,12.9,0.1,45,0.12,0.5,5.8,1.85,0.53,0.7,Tr,0.1,53
994,がちょう　フォアグラ,8.3,49.9,1.5,1000,0.27,0.81,2.4,4.38,0.3,7.6,7,0.9,6
995,まがも　肉,23.6,3,0.1,15,0.4,0.69,9.3,2.17,0.61,3.5,1,3.1,14
996,あいがも　肉,14.2,29,0.1,46,0.24,0.35,3.8,1.67,0.32,1.1,1,1,21
997,あひる　肉　　,20.1,2.2,0.2,9,0.46,0.41,7.9,1.83,0.54,3,3,0.4,22
998,きじ　肉,23,1.1,0.1,7,0.08,0.24,8.4,1.07,0.65,1.7,1,0.5,19
999,しちめんちょう　肉　,23.5,0.7,0.1,Tr,0.07,0.24,7,1.51,0.72,0.6,2,0.1,18
1000,すずめ　肉　　,18.1,5.9,0.1,15,0.28,0.8,2.8,4.56,0.59,5,Tr,0.2,4
1001,鶏肉　手羽,17.8,14.3,0,47,0.07,0.1,6.2,0.87,0.38,0.4,2,0.4,42
1002,鶏肉　手羽先,17.4,16.2,0,51,0.07,0.09,5.4,0.84,0.3,0.5,2,0.6,45
1003,鶏肉　手羽元　,18.2,12.8,0,44,0.08,0.1,6.9,0.89,0.45,0.3,2,0.3,39
1004,鶏肉　ささ身,27.3,1,0,3,0.09,0.12,10.5,2.46,0.58,0.1,1,0,9
1005,鶏肉　ひき肉　　,27.5,14.8,0,47,0.14,0.26,9.3,2,0.61,0.4,1,0.2,41
1006,鶏肉　心臓,14.5,15.5,Tr,700,0.22,1.1,6,4.41,0.21,1.7,5,0.4,51
1007,鶏肉　肝臓,18.9,3.1,0.6,14000,0.38,1.8,4.5,10.1,0.65,44.4,20,0.2,14
1008,鶏肉　筋胃,18.3,1.8,Tr,4,0.06,0.26,3.9,1.3,0.04,1.7,5,0,28
1009,鶏肉　むね,9.4,48.1,0,120,0.02,0.05,6.7,0.64,0.11,0.4,1,0.3,110
1010,鶏肉　もも,6.6,51.6,0,120,0.01,0.05,3,0.25,0.04,0.3,1,0.3,120
1011,鳥軟骨　,12.5,0.4,0.4,1,0.03,0.03,3.6,0.64,0.03,0.1,3,0,5
1012,焼き鳥缶詰　　,18.4,7.8,8.2,60,0.01,0.18,3.1,0.65,0.08,0.4,0,0,21
1013,チキンナゲット　,15.5,13.7,14.9,24,0.08,0.09,6.6,0.87,0.28,0.1,1,0.2,27
1014,鳥つくね　,15.2,15.2,9.3,38,0.11,0.18,3.8,0.74,0.16,0.3,0,0.4,47
1015,はと　肉　,21.8,5.1,0.3,16,0.32,1.89,9.9,4.48,0.53,2,3,0.2,5
1016,ほろほろちょう　肉　,22.5,1,0.2,9,0.16,0.2,8.2,1.13,0.57,0.5,3,0.4,32
1017,いなご　つくだ煮　　　,26.3,1.4,32.3,75,0.06,1,1.7,0.43,0.12,0.1,0,0.3,7
1018,かえる　肉　　　,22.3,0.4,0.3,0,0.04,0.13,4.1,0.18,0.22,0.9,0,0.9,1
1019,すっぽん　肉　,16.4,13.4,0.5,94,0.91,0.41,3,0.2,0.11,1.2,1,3.6,5
1020,あひる卵　ピータン　　　,13.7,16.5,0,220,Tr,0.27,0.1,0.94,0.01,1.1,0,6.2,26
1021,うこっけい卵　全卵　　,12,13,0.4,160,0.1,0.32,0.1,1.78,0.1,1.1,0,1,4
1022,うずら卵　全卵　　　,12.6,13.1,0.3,350,0.14,0.72,0.1,0.98,0.13,4.7,0,2.5,15
1023,鶏卵　全卵,12.3,10.3,0.3,150,0.06,0.43,0.1,1.45,0.08,0.9,0,1.8,13
1024,鶏卵　卵黄,16.5,33.5,0.1,480,0.21,0.52,0,4.33,0.26,3,0,5.9,40
1025,鶏卵　卵白,10.5,Tr,0.4,0,0,0.39,0.1,0.18,0,0,0,0,1
1026,生乳　ジャージー種　　,3.6,5.1,4.7,51,0.02,0.21,0.1,0.24,0.03,0.4,1,0.1,1
1027,生乳　ホルスタイン種　　,3.2,3.7,4.7,37,0.04,0.15,0.1,0.53,0.03,0.3,1,Tr,1
1028,普通牛乳　　　,3.3,3.8,4.8,38,0.04,0.15,0.1,0.55,0.03,0.3,1,0.3,2
1029,加工乳　濃厚　　,3.5,4.2,5.2,35,0.03,0.17,0.1,0.52,0.05,0.4,Tr,Tr,1
1030,加工乳　低脂肪　　,3.8,1,5.5,13,0.04,0.18,0.1,0.52,0.04,0.4,Tr,Tr,Tr
1031,脱脂乳　　　,3.4,0.1,4.7,Tr,0.04,0.15,0.1,0.59,0.04,0.6,2,Tr,Tr
1032,コーヒー牛乳　　,2.2,2,7.2,5,0.02,0.09,0.1,0.27,Tr,0.1,Tr,Tr,1
1033,フルーツ牛乳　　,1.2,0.2,9.9,0,0.01,0.06,0.1,0.15,Tr,0.1,Tr,Tr,Tr
1034,全粉乳　　　,25.5,26.2,39.3,180,0.25,1.1,0.8,3.59,0.13,1.6,5,0.2,8
1035,脱脂粉乳　　　,34,1,53.3,6,0.3,1.6,1.1,4.17,0.27,1.8,5,Tr,Tr
1036,乳児用調製粉乳　　　,12.4,26.8,55.9,560,0.41,0.72,5.4,2.2,0.35,1.6,53,9.3,24
1037,無糖練乳　　　,6.8,7.9,11.2,50,0.06,0.35,0.2,1.1,0.01,0.1,Tr,Tr,3
1038,加糖練乳　　　,7.7,8.5,56,120,0.08,0.37,0.3,1.29,0.02,0.7,2,0.1,0
1039,クリーム　乳脂肪　　,2,45,3.1,390,0.02,0.09,Tr,0.13,Tr,0.2,Tr,0.5,14
1040,クリーム　乳脂肪 ・ 植物性脂肪　　,4.4,42.1,3,200,0.01,0.07,Tr,0.09,Tr,0.1,Tr,0.3,8
1041,クリーム　植物性脂肪　　,6.8,39.2,2.9,9,0,0.05,0,0.05,0,0,0,0,2
1042,ホイップクリーム　乳脂肪　　,1.8,40.7,12.9,350,0.02,0.08,Tr,0.12,Tr,0.2,Tr,0.5,13
1043,ホイップクリーム　乳脂肪・植物性脂肪　　,4,38.4,12.9,180,0.01,0.06,(Tr),0.08,(Tr),0.1,(Tr),0.2,7
1044,ホイップクリーム　植物性脂肪　　,6.3,36.1,12.9,9,0,0.05,0,0.05,0,0,0,0,2
1045,コーヒーホワイトナー　液状　乳脂肪　　,5.2,18.3,5.5,150,0.01,0.05,0.1,0.07,0.01,0.1,Tr,0.2,5
1046,コーヒーホワイトナー　液状　乳脂肪・植物性脂肪　　,4.8,21.6,3.7,77,0.01,0.04,0.1,0.05,0.01,0.1,Tr,0.1,3
1047,コーヒーホワイトナー　液状　植物性脂肪　　,4.3,24.8,1.8,3,0,0.03,0,0.03,0,0,Tr,0,1
1048,コーヒーホワイトナー　粉末状　乳脂肪　　,7.7,27.6,60.1,320,0.02,0.65,0.1,0.25,0.03,0.2,0,0.2,6
1049,コーヒーホワイトナー　粉末状　植物性脂肪　　,2.8,38.3,53.1,0,0,0.01,0,0,0,0,0,0,0
1050,ヨーグルト　全脂無糖　　,3.6,3,4.9,33,0.04,0.14,0.1,0.49,0.04,0.1,1,0,1
1051,ヨーグルト　低脂肪無糖　　,3.7,1,5.2,-,0.04,0.19,0.1,0.41,0.04,0.1,2,0,0
1052,ヨーグルト　無脂肪無糖　　,4,0.3,5.7,3,0.04,0.17,0.1,0.35,0.04,0.2,1,0,0
1053,ヨーグルト　脱脂加糖　　,4.3,0.2,11.9,0,0.03,0.15,0.1,0.44,0.02,0.3,Tr,Tr,Tr
1054,ヨーグルト　ドリンクタイプ　加糖　,2.9,0.5,12.2,5,0.01,0.12,0.1,0.3,0.03,0.2,Tr,Tr,Tr
1055,乳酸菌飲料　乳製品　　,1.1,0.1,16.4,0,0.01,0.05,Tr,0.11,Tr,Tr,Tr,0,Tr
1056,乳酸菌飲料　殺菌乳製品　　,1.5,0.1,52.6,0,0.02,0.08,0.1,0.09,Tr,Tr,0,Tr,Tr
1057,乳酸菌飲料　非乳製品　　,0.4,0,14,0,Tr,Tr,Tr,0.04,Tr,Tr,0,Tr,Tr
1058,エダムチーズ　　,28.9,25,1.4,250,0.04,0.42,0.1,0.17,0.06,2.8,0,0.2,14
1059,エメンタールチーズ　　,27.3,33.6,1.6,220,0.02,0.48,0.1,0.72,0.07,1,0,0.1,8
1060,カテージチーズ　　,13.3,4.5,1.9,37,0.02,0.15,0.1,0.48,0.03,1,0,0,2
1061,カマンベールチーズ　　,19.1,24.7,0.9,240,0.03,0.48,0.7,0.49,0.08,1.3,0,0.2,1
1062,クリームチーズ　　,8.2,33,2.3,250,0.03,0.22,0.1,0.42,0.03,0.1,0,0.2,12
1063,ゴーダチーズ　　,25.8,29,1.4,270,0.03,0.33,0.1,0.32,0.05,1.9,0,0,12
1064,チェダーチーズ　　,25.7,33.8,1.4,330,0.04,0.45,0.1,0.43,0.07,1.9,0,0,12
1065,パルメザンチーズ　　,44,30.8,1.9,240,0.05,0.68,0.1,0.5,0.05,2.5,0,0.2,15
1066,ブルーチーズ　　,18.8,29,1,280,0.03,0.42,0.8,1.22,0.15,1.1,0,0.3,11
1067,マスカルポーネチーズ　　,4.4,28.2,4.3,390,0.03,0.17,0.1,0.31,0.03,0.2,0,0.2,10
1068,モッツァレラチーズ　　,18.4,19.9,4.2,-,0.01,0.19,Tr,0.06,0.02,1.6,-,0.2,6
1069,やぎチーズ　　,20.6,21.7,2.7,290,0.09,0.88,1.4,1.16,0.23,0.3,-,0.3,10
1070,リコッタチーズ　　,7.1,11.5,6.7,-,0.04,0.21,0.1,0.52,0.06,0.2,-,0,3
1071,プロセスチーズ　　　,22.7,26,1.3,260,0.03,0.38,0.1,0.14,0.01,3.2,0,Tr,2
1072,チーズスプレッド　　　,15.9,25.7,0.6,190,0.02,0.35,Tr,0.16,0.03,0.5,0,0.3,6
1073,アイスクリーム　高脂肪　　,3.5,12,22.4,100,0.06,0.18,0.1,0.72,0.03,0.4,Tr,0.1,5
1074,アイスクリーム　普通脂肪　　,3.9,8,23.2,58,0.06,0.2,0.1,0.5,0.02,0.2,Tr,0.1,3
1075,アイスミルク　　　,3.4,6.4,23.9,22,0.03,0.14,0.1,0.43,0.02,0.3,Tr,0.1,1
1076,ラクトアイス　普通脂肪　　,3.1,13.6,22.2,10,0.03,0.15,0.4,0.51,0.01,0.2,Tr,Tr,1
1077,ラクトアイス　低脂肪　　,1.8,2,20.6,0,0.02,0.12,Tr,0.15,0.01,0.1,0,Tr,1
1078,ソフトクリーム　　　,3.8,5.6,20.1,18,0.05,0.22,0.1,0.58,0.01,0.2,0,0.1,2
1079,カゼイン　　　,86.2,1.5,0,(Tr),Tr,Tr,Tr,0.17,0.01,2.3,0,Tr,Tr
1080,シャーベット　　　,0.9,1,28.7,0,0.04,0.05,0.2,0.04,Tr,Tr,0,Tr,1
1081,チーズホエーパウダー　　　,12.5,1.2,77,12,0.22,2.35,1.4,5.95,0.25,3.4,3,Tr,Tr
1082,人乳　　　　,1.1,3.5,7.2,46,0.01,0.03,0.2,0.5,Tr,Tr,5,0.3,1
1083,やぎ乳　　　　,3.1,3.6,4.5,36,0.04,0.14,0.3,0.39,0.04,0,1,0,2
1084,あまに油　,0,100,0,1,0,0,0,-,-,-,0,0,11
1085,えごま油　,0,100,0,2,0,0,0,-,-,-,0,0,5
1086,オリーブ油　　　,0,100,0,15,0,0,0,0,0,0,0,0,42
1087,ごま油　　　,0,100,0,0,0,0,0.1,0,0,0,0,0,5
1088,米ぬか油　　　,0,100,0,0,0,0,0,0,0,0,0,0,36
1089,サフラワー油,0,100,0,0,0,0,0,0,0,0,0,0,10
1090,大豆油　　　,0,100,0,0,0,0,0,0,0,0,0,0,210
1091,調合油　　　,0,100,0,0,0,0,0,0,0,0,0,0,170
1092,とうもろこし油　　　,0,100,0,0,0,0,0,0,0,0,0,0,5
1093,なたね油　　　,0,100,0,0,0,0,0,0,0,0,0,0,120
1094,パーム油　　　,0,100,0,0,0,0,0,0,0,0,0,0,4
1095,パーム核油　　　,0,100,0,0,0,0,0,0,0,0,0,0,Tr
1096,ひまわり油,0,100,0,0,0,0,0,0,0,0,0,0,11
1097,ぶどう油　　　,0,100,0,Tr,0,0,0,0,0,0,0,0,190
1098,綿実油　　　,0,100,0,0,0,0,0,0,0,0,0,0,29
1099,やし油　　　,0,100,0,0,0,0,0,0,0,0,0,0,Tr
1100,落花生油　　　,0,100,0,0,0,0,0,0,0,0,0,0,4
1101,牛脂　　　,0.2,99.8,0,85,0,0,0,-,-,-,0,0,26
1102,ラード　　　,0,100,0,0,0,0,0,-,-,-,0,0.2,7
1103,有塩バター　　　,0.6,81,0.2,520,0.01,0.03,0,0.06,Tr,0.1,0,0.6,17
1104,食塩不使用バター　　　,0.5,83,0.2,790,0,0.03,Tr,0.08,Tr,0.1,0,0.7,24
1105,発酵バター　　　,0.6,80,4.4,780,0,0.02,0,0,0,0.1,0,0.7,30
1106,ソフトタイプマーガリン,0.4,83.1,0.4,24,0.01,0.03,Tr,Tr,0,0,0,11.2,53
1107,ソフトタイプマーガリン,0.3,84.3,0.1,24,0.01,0.03,Tr,Tr,0,0,0,11.2,53
1108,ファットスプレッド　　　,0.2,69.1,0,31,0.02,0.02,Tr,Tr,0,0,0,1.1,71
1109,ショートニング　,0,99.9,0,0,0,0,0,0,0,0,0,0.1,6
1110,甘納豆　あずき　　　,5.6,0.6,67.1,Tr,0.01,0.03,0.2,-,0.09,-,0,-,7
1111,甘納豆　いんげんまめ　　　,5.5,1.1,67.6,Tr,Tr,0.04,0.2,-,0.07,-,1,-,3
1112,甘納豆　えんどう　　　,5.2,1,70.1,4,0.02,0.04,0.2,-,0.04,-,Tr,-,7
1113,今川焼　　　　,4.5,1,48.5,8,0.03,0.04,0.2,0.22,0.01,0.1,0,0.2,2
1114,ういろう　　　　,1.1,0.2,44.1,0,0.02,Tr,0.2,0.11,0.02,0,0,0,0
1115,うぐいすもち　　　　,3.6,0.4,55.7,0,0.02,0.02,0.2,0.16,0.01,0,0,0,2
1116,かしわもち　　　　,4,0.4,46.7,0,0.03,0.02,0.4,0.21,0.03,0,0,0,2
1117,カステラ　　　　,6.2,4.6,63.2,47,0.03,0.42,0.2,0.66,0.03,0.3,0,Tr,4
1118,かのこ　　　　,4.8,0.4,60.4,Tr,0.01,0.03,0.1,0.02,0.04,0,0,0,5
1119,かるかん　　　　,2.1,0.3,54.7,Tr,0.05,0.01,0.3,0.29,0.04,0,1,0,0
1120,きび団子　　　　,1.7,0.3,73.5,0,0.02,0.01,0.2,0.22,0.02,0,0,0,0
1121,ぎゅうひ　　　　,1.3,0.2,62.5,0,0.01,Tr,0.1,0,Tr,0,0,0,0
1122,きりざんしょ　　　　,2.1,0.3,59.3,0,0.03,0.01,0.4,0.22,0.04,0,0,0,0
1123,きんぎょく糖　　　　,Tr,Tr,72,0,0,0,0,0,0,0,0,0,0
1124,きんつば　　　　,6,0.7,58.6,0,0.03,0.03,0.1,0.21,0.03,0,0,0,6
1125,草もち　　　　,4.2,0.4,52.1,14,0.03,0.02,0.4,0.21,0.04,0,Tr,0,13
1126,くし団子　あん　　　,3.8,0.4,45.5,0,0.04,0.01,0.5,0.27,0.05,0,0,0,1
1127,くし団子　みたらし　　,3.1,0.4,45.2,0,0.04,0.02,0.7,0.33,0.06,Tr,0,0,0
1128,くずもち　　,0.1,0.1,22.5,0,0,0,0,0,0,0,0,0,0
1129,げっぺい　　　　,5.2,8.7,64.5,0,0.06,0.03,0.3,0.2,0.03,0,0,0,2
1130,五平もち　,3,0.5,41,0,0.02,0.02,0.3,0.21,0.02,0,0,0,1
1131,桜もち　　,4.5,0.4,54.3,0,0.02,0.02,0.1,0.1,Tr,0,0,0,2
1132,笹だんご　　　　,3.9,0.5,54.7,28,0.06,0.02,0.4,0.24,0.04,0,Tr,-,22
1133,大福もち　　　　,4.8,0.5,52.8,0,0.03,0.02,0.2,0.25,0.02,0,0,0,2
1134,ちまき　　　　,1.3,0.2,36.4,0,0.02,Tr,0.3,0.14,0.02,0,0,0,0
1135,ちゃつう　　　　,6.2,4.1,66.5,Tr,0.08,0.05,0.4,0.1,0.05,0,Tr,0,4
1136,どら焼　　　　,6.6,2.5,58.7,28,0.04,0.1,0.2,0.46,0.03,0.2,0,0.6,5
1137,生八つ橋　あん入り　　　　,4.5,0.4,64.3,0,0.02,0.02,0.3,0.18,0.03,0,0,0,3
1138,ねりきり　　　　,5.3,0.3,60.1,0,0.01,0.03,0.1,0.04,0,0,0,0,4
1139,カステラまんじゅう　　　,6.6,1.6,63.4,15,0.04,0.07,0.2,0.28,0.01,0.1,0,0.3,4
1140,くずまんじゅう　　　,3.1,0.2,51.4,0,0.01,0.02,Tr,0.02,0,0,0,0,2
1141,くりまんじゅう　　　,6,1.3,68.2,12,0.03,0.06,0.2,0.24,0.01,0.1,0,0.2,4
1142,とうまんじゅう　　　,6.2,2.1,63.4,23,0.03,0.09,0.1,0.33,0.02,0.1,0,0.5,4
1143,蒸しまんじゅう　　　,4.9,0.4,59.2,0,0.03,0.02,0.1,0.11,Tr,0,0,0,3
1144,あんまん　　,6.1,5.7,51.1,0,0.08,0.03,0.5,0.26,0.04,0,Tr,0,2
1145,肉まん　　,10,5.1,43.5,3,0.23,0.1,2,0.8,0.16,0.1,7,0.1,9
1146,もなか　　　　,4.8,0.4,65.6,0,0.02,0.02,0.1,0.11,0.01,0,0,0,3
1147,ゆべし　　　　,2.4,3.5,71.2,Tr,0.03,0.02,0.4,0.2,0.06,0,2,0,Tr
1148,練りようかん　　　,3.6,0.2,70,0,0.01,0.02,Tr,0.03,0,0,0,0,3
1149,水ようかん　　　,2.6,0.1,40,0,Tr,0.01,Tr,0.02,0,0,0,0,2
1150,蒸しようかん　　　,4.4,0.3,55.4,0,0.01,0.02,0.1,0.06,Tr,0,0,0,3
1151,あめ玉　　　　,0,0,97.5,0,0,0,0,0,0,0,0,0,0
1152,芋かりんとう　　　　,1.4,20.5,71.3,3,0.13,0.05,0.9,1.03,0.3,0,33,0,35
1153,おこし　　　　,3.8,0.8,90.1,0,0.02,0.01,0.2,0.12,0.02,0,0,0,1
1154,おのろけ豆　　　　,11.7,13.5,69.8,Tr,0.13,0.04,5.4,1.09,0.21,0,0,0,0
1155,かりんとう　黒　　　,7.6,11.6,76.3,0,0.1,0.05,1,0.84,0.21,0,0,Tr,18
1156,かりんとう　白　　　,9.7,11.2,76.2,0,0.12,0.05,1.1,0.72,0.07,0,0,Tr,17
1157,ごかぼう　　　　,10.7,6.4,71.6,0,0.03,0.06,0.6,0.22,0.09,0,Tr,0,7
1158,磯部せんべい　　　,4.3,0.8,89.3,0,0.06,0.02,0.3,0.27,0.02,0,0,0,0
1159,かわらせんべい　　　,7.5,3.5,84,45,0.04,0.1,0.6,0.7,0.04,-,0,-,-
1160,巻きせんべい　　　,4.3,1.4,90.3,12,0.05,0.05,0.2,0.33,0.02,0.1,0,0.2,1
1161,南部せんべい　ごま入り　　,11.2,10.8,72.3,Tr,0.27,0.08,1.5,0.59,0.14,0,0,0,1
1162,南部せんべい　落花生入り　　,11.7,9.6,73.8,0,0.25,0.05,3.5,0.91,0.11,0,0,0,Tr
1163,しおがま　　　　,2.7,0.3,85.4,43,0.02,0.02,0.2,0.12,0.02,0,1,0,33
1164,ひなあられ　　,7.7,3.1,84.6,0,0.04,0.08,0.3,1.02,0.09,Tr,0,0,0
1165,揚げせんべい　　　,5.7,17.5,71.2,0,0.08,0.02,1.2,0.61,0.11,0,0,0,28
1166,甘辛せんべい　　　,6.7,0.9,86.3,0,0.09,0.03,1.4,0.69,0.13,0,0,0,0
1167,あられ　　　,7.9,1.4,84.2,0,0.09,0.05,1,1,0.09,Tr,0,0,0
1168,しょうゆせんべい　　　,7.8,1,83.1,0,0.02,0.03,0.6,0.26,0.05,0,0,-,0
1169,ボーロ　小粒　　　,2.5,2.2,90.4,29,0.01,0.09,Tr,0.29,0.02,0.2,0,0.6,3
1170,そばボーロ　　　,7.7,3.4,86.1,34,0.12,0.13,0.8,0.74,0.07,0.2,0,0.7,3
1171,松風　　　　,4,0.7,89.7,0,0.05,0.02,0.3,0.26,0.01,0,0,0,0
1172,みしま豆　　　　,12.4,8.7,75.6,Tr,0.02,0.08,0.7,0.23,0.11,0,Tr,0,9
1173,八つ橋　　　　,3.3,0.5,94.2,0,0.04,0.01,0.7,0.36,0.07,0,0,0,0
1174,らくがん　　　,2.4,0.2,94.3,0,0.01,Tr,0.1,0.07,0.01,0,0,0,0
1175,麦らくがん　　　,4.7,1.8,90.4,0,0.03,0.04,2.7,0.11,0.03,0,0,0,0
1176,もろこしらくがん　　　,7.3,0.3,89.3,0,0.01,0.01,0.3,0.09,0.01,0,0,0,1
1177,揚げパン　　　　,8.7,18.7,43.5,2,0.18,0.13,1.2,0.32,0.05,0.1,0,0,0
1178,あんパン　　　　,7.9,5.3,50.2,1,0.06,0.05,0.8,0.35,0.02,0,0,0,2
1179,カレーパン,6.6,18.3,32.3,34,0.11,0.15,1.1,0.26,0.05,0.1,0,0,8
1180,クリームパン　　　　,10.3,10.9,41.4,48,0.09,0.18,0.8,0.87,0.04,0.3,0,0.9,4
1181,ジャムパン　　　　,6.6,5.8,54.5,1,0.07,0.04,0.9,0.42,0.03,0,3,0,0
1182,チョココロネ　　　　,7.1,15.3,42.8,14,0.08,0.11,0.8,0.59,0.03,-,Tr,1.1,5
1183,チョコパン　,5.5,18.7,39.5,21,0.06,0.14,0.5,0.57,0.03,-,Tr,1.7,8
1184,メロンパン　　　　,8,10.5,59.9,40,0.09,0.1,1,0.38,0.05,0.1,0,0.2,3
1185,シュークリーム　　　　,6,11.3,25.6,120,0.07,0.19,0.1,1.03,0.06,0.6,1,1.1,8
1186,スポンジケーキ　　　　,8.1,5.6,53.8,50,0.03,0.12,0.2,0.81,0.02,0.1,0,0.2,0
1187,ショートケーキ　　　,7.1,13.8,43.6,82,0.02,0.11,0.2,0.63,0.02,0.1,0,0.2,2
1188,タルト　　　,4.2,13.2,31.4,110,0.05,0.1,0.4,0.53,0.04,0.1,20,0.3,4
1189,ベイクドチーズケーキ　　　,8.5,21.2,23.3,180,0.04,0.24,0.1,0.68,0.04,0.3,2,0.6,10
1190,レアチーズケーキ　　　,5.8,28,22.1,210,0.04,0.15,0.2,0.34,0.03,-,2,-,-
1191,デニッシュペストリー　　　　,7,24.7,41.7,19,0.12,0.12,1.1,0.55,0.05,0.1,0,2.3,12
1192,イーストドーナッツ　　　,7.2,20.2,43.9,7,0.09,0.11,0.7,0.57,0.05,0.1,Tr,0.2,25
1193,ケーキドーナッツ　　　,7.2,11.7,60.2,38,0.07,0.13,0.3,0.65,0.04,0.2,0,0.7,9
1194,パイ皮　　　,7.7,33.7,25.2,0,0.04,0.01,0.5,0.08,0.03,0,0,0.4,17
1195,アップルパイ　　　,4,17.5,32.7,Tr,0.02,0.01,0.3,0.06,0.02,0,1,0.2,9
1196,ミートパイ　　　,9.9,29.9,22,66,0.17,0.06,1.6,0.33,0.11,0.1,1,0.4,16
1197,バターケーキ　　　　,5.8,25.4,47.9,180,0.05,0.13,0.2,0.56,0.03,0.3,0,1,8
1198,ホットケーキ　　　　,7.7,5.4,45.2,43,0.08,0.17,0.3,0.72,0.04,0.3,Tr,0.4,3
1199,ワッフル　カスタードクリーム入り　　　,7.3,7.9,38.1,78,0.08,0.19,0.3,1,0.06,0.5,1,0.9,6
1200,ワッフル　ジャム入り　　　,4.8,4.2,57.3,30,0.05,0.11,0.3,0.52,0.04,0.2,5,0.5,2
1201,カスタードプリン　　　　,5.5,5,14.7,78,0.05,0.26,Tr,0.67,0.04,0.4,0,Tr,4
1202,牛乳寒天　　,1.1,1.3,12.2,13,0.01,0.05,Tr,0.19,0.01,0.1,Tr,0.1,1
1203,ゼリー　オレンジ　　　,2.1,0.1,19.8,4,0.07,0.02,0.3,0.22,0.06,0,40,0,0
1204,ゼリー　コーヒー　　　,1.6,0,10.4,0,0,Tr,0.6,Tr,0,0,0,0,0
1205,ゼリー　ミルク　　　,4.3,3.7,14.4,37,0.04,0.15,0.1,0.54,0.03,0.3,1,0.3,2
1206,ゼリー　ワイン　　　,1.7,0,13.3,0,0,Tr,0,0.01,Tr,0,0,0,0
1207,ババロア　　　　,5.6,12.8,20,110,0.04,0.14,0.1,0.76,0.04,0.5,Tr,0.8,7
1208,ウエハース　　　　,7.6,13.6,75.3,17,0.03,0.08,0.5,0.24,0.02,Tr,0,0,4
1209,オイルスプレークラッカー　　　,8.5,22.5,63.9,0,0.08,0.04,0.8,0.45,0.04,-,0,-,4
1210,ソーダクラッカー　　　,10.4,9.8,74.4,0,0.05,0.04,0.8,0.54,0.04,-,0,-,1
1211,サブレ　　　　,6.1,16.5,73,Tr,0.07,0.08,0.3,0.48,0.03,0.1,0,0.4,3
1212,中華風クッキー　　　　,5.1,29.5,61.9,19,0.06,0.07,0.3,0.41,0.02,0.1,0,0.4,4
1213,ハードビスケット　　　,7.6,10,77.8,18,0.13,0.22,1,0.63,0.06,-,0,Tr,2
1214,ソフトビスケット　　　,5.7,27.6,62.6,150,0.06,0.05,0.6,0.45,0.04,-,0,Tr,6
1215,プレッツェル　　　　,9.9,18.6,68.2,5,0.13,0.11,1.1,0.51,0.06,-,-,-,7
1216,リーフパイ　　　　,5.8,35.6,55.8,0,0.08,0.02,0.4,0.37,0.02,0,0,Tr,2
1217,ロシアケーキ　　　　,5.7,23.6,65.7,1,0.06,0.14,0.5,0.29,0.02,Tr,0,Tr,1
1218,小麦粉あられ　　　　,7.6,19.5,68.8,0,0.1,0.03,0.5,0.48,0.03,0,0,Tr,1
1219,コーンスナック　　　　,5.2,27.1,65.3,11,0.02,0.05,0.7,0.3,0.06,-,0,-,-
1220,ポテトチップス　ポテトチップス　　　,4.7,35.2,54.7,0,0.26,0.06,4.3,0.94,-,-,15,-,-
1221,かわり玉　　　　,0,0,99.5,0,0,0,0,0,0,0,0,0,0
1222,キャラメル　　　　,4,11.7,77.9,110,0.09,0.18,1.1,0.58,0.02,-,0,3,3
1223,ゼリーキャンデー　　　　,0,0,84,0,0,0,0,0.01,0,0,0,0,0
1224,ゼリービーンズ　　　　,0.1,0,90.3,0,Tr,0,0,0.01,0,0,0,0,0
1225,ドロップ　　　　,0,0,98,0,0,0,0,0,0,0,0,0,0
1226,バタースコッチ　　　　,Tr,6.5,91.1,62,0,0,0,0.01,0,0,0,0.1,2
1227,ブリットル　　　　,13.3,26.5,57.3,Tr,0.12,0.05,8.5,1.1,0.23,0,0,Tr,Tr
1228,マシュマロ　　　　,2.2,0,79.3,0,0,0,0,Tr,0,0,0,0,0
1229,ラムネ　,0,0.5,92.2,0,0,0,0,0,0,0,2,0,0
1230,アーモンドチョコレート　　　　,11.4,40.4,43.3,43,0.19,0.64,2.1,1.18,0.1,-,0,0.6,4
1231,カバーリングチョコレート　　　　,7,25.4,63.4,41,0.15,0.27,0.9,1.12,0.08,Tr,0,0.6,0
1232,ホワイトチョコレート　　　　,7.2,39.5,50.9,50,0.08,0.39,0.2,1.05,0.05,-,-,Tr,9
1233,ミルクチョコレート　　　　,6.9,34.1,55.8,66,0.19,0.41,1.2,1.56,0.11,-,0,1,6
1234,マロングラッセ　　　　,1.1,0.3,77.4,1,-,0.03,0.1,-,-,-,0,0,-
1235,板ガム　　　　,0,0,96.9,0,0,0,0,-,-,-,0,0,-
1236,糖衣ガム　　　　,0,0,97.6,0,0,0,0,-,-,-,0,0,-
1237,風船ガム　　　　,0,0,96.7,0,0,0,0,-,-,-,0,0,-
1238,カスタードクリーム　　　　,5.1,7.5,24.9,95,0.06,0.18,0.1,1.03,0.06,0.6,1,1.1,7
1239,しるこ　こしあん　,4.7,0.3,48.7,0,0.01,0.02,Tr,0.03,0,0,0,0,3
1240,しるこ　つぶしあん　,4.2,0.5,40.5,0,0.02,0.02,0.1,0.14,0.02,0,0,0,5
1241,清酒　普通酒　　,0.4,Tr,4.9,0,Tr,0,0,0,0.07,0,0,0,0
1242,清酒　純米酒　　,0.4,Tr,3.6,0,Tr,0,0,0.02,0.12,0,0,0,0
1243,清酒　本醸造酒　　,0.4,0,4.5,0,Tr,0,0,0,0.09,0,0,0,0
1244,清酒　吟醸酒　　,0.3,0,3.6,0,0,0,0,0.06,0.12,0,0,0,0
1245,清酒　純米吟醸酒　　,0.4,0,4.1,0,0,0,0,0.06,0.14,0,0,0,0
1246,ビール　淡色　　,0.3,0,3.1,0,0,0.02,0.8,0.08,0.05,0.1,0,0,0
1247,ビール　黒　　,0.4,Tr,3.6,0,0,0.04,1,0.04,0.07,Tr,0,0,0
1248,ビール　スタウト　　,0.5,Tr,4.9,0,0,0.05,1,0.12,0.06,Tr,0,0,0
1249,発泡酒　　　,0.1,0,3.6,0,0,0.01,0.3,0.1,0.01,0,0,0,0
1250,ぶどう酒　白　　,0.1,Tr,2,0,0,0,0.1,0.07,0.02,0,0,0,0
1251,ぶどう酒　赤　　,0.2,Tr,1.5,0,0,0.01,0.1,0.07,0.03,0,0,0,0
1252,ぶどう酒　ロゼ　　,0.1,Tr,4,0,0,0,0.1,0,0.02,0,0,0,0
1253,紹興酒　　　　,1.7,Tr,5.1,0,Tr,0.03,0.6,0.19,0.03,Tr,0,0,0
1254,連続式蒸留しょうちゅう　　,0,0,0,0,0,0,0,0,0,0,0,0,0
1255,単式蒸留しょうちゅう　　,0,0,0,0,0,0,0,0,0,0,0,0,0
1256,ウイスキー　　　,0,0,0,0,0,0,0,0,0,0,0,0,0
1257,ブランデー　　　,0,0,0,0,0,0,0,0,0,0,0,0,0
1258,ウオッカ　　　,0,0,Tr,0,0,0,0,0,0,0,0,0,0
1259,ジン　　　,0,Tr,0.1,0,0,0,0,0,0,0,0,0,0
1260,ラム　　　,0,Tr,0.1,0,0,0,0,0,0,0,0,0,0
1261,マオタイ酒　　　,0,0,0,0,0,0,0,0,0,0,0,0,0
1262,梅酒　　　,0.1,Tr,20.7,0,0,0.01,Tr,0,0.01,0,0,-,-
1263,合成清酒　　　,0.1,0,5.3,0,0,0,0,0,0.01,0,0,-,-
1264,白酒　　　,1.9,Tr,48.1,0,0.02,0.01,0.1,0.1,0.02,0,1,-,-
1265,みりん　本みりん　　,0.3,Tr,43.2,0,Tr,0,Tr,0,0.01,0,0,-,-
1266,みりん　本直し　　,0.1,Tr,14.4,0,0,0,0,0,0,0,0,-,-
1267,薬味酒　　　,Tr,Tr,26.8,0,0,0,0.1,0,0.01,0,0,-,-
1268,キュラソー　　　,Tr,Tr,26.4,0,0,0,0,0,0,0,0,-,-
1269,スイートワイン　　　,0.1,0,13.4,0,0,Tr,Tr,0,0.01,0,0,-,-
1270,ペパーミント　　　,0,0,37.6,0,0,0,0,0,0,0,0,-,-
1271,ベルモット　甘口タイプ　　,0.1,0,16.4,-,0,0,0.1,0.06,Tr,0,0,-,-
1272,ベルモット　辛口タイプ　　,0.1,0,3.7,-,0,0,0.1,0,Tr,0,0,-,-
1273,玉露茶,29.1,4.1,43.9,1800,0.3,1.16,6,4.1,0.69,0,110,0,4000
1274,抹茶　　,29.6,5.3,39.5,2400,0.6,1.35,4,3.7,0.96,0,60,0,2900
1275,せん茶,24.5,4.7,47.7,1100,0.36,1.43,4.1,3.1,0.46,0,260,0,1400
1276,紅茶,20.3,2.5,51.7,75,0.1,0.8,10,2,0.28,0,0,0,1500
1277,コーヒー　インスタントコーヒー　　,14.7,0.3,56.5,0,0.02,0.14,47,0,0.01,0.1,0,0,Tr
1278,コーヒー　加糖　　,0.7,0.3,8.2,0,0.01,0.04,0.3,0.11,Tr,-,0,-,0
1279,ココア　ピュアココア　　,18.5,21.6,42.4,3,0.16,0.22,2.3,0.85,0.08,0,0,0,2
1280,ココア　ミルクココア　　,7.4,6.8,80.4,8,0.07,0.42,0.3,0.9,0.07,-,0,-,0
1281,青汁　ケール　,13.8,4.4,70.2,860,0.31,0.8,6,1.31,0.75,0,1100,0,1500
1282,甘酒　　　,1.7,0.1,18.3,0,0.01,0.03,0.2,0,0.02,-,0,0,0
1283,昆布茶　　　,5.7,0.4,42.3,1,0.02,0.06,0.1,0,Tr,-,0,0,15
1284,スポーツドリンク　　　,0,Tr,5.1,0,0,0,0.8,Tr,0.12,0,Tr,0,0
1285,果実色飲料　　,Tr,Tr,12.8,0,0,0,0,-,-,-,0,0,-
1286,コーラ　　,0.1,Tr,11.4,0,0,0,0,-,-,-,0,0,-
1287,サイダー　　,Tr,Tr,10.2,0,0,0,0,-,-,-,0,0,-
1288,ビール風味炭酸飲料　　,0.1,Tr,1.2,0,0,0,0.1,0.02,Tr,0,8,0,0
1289,麦茶　浸出液　　,Tr,0,0.3,0,0,0,0,0,0,-,0,0,0
1290,ウスターソース　　　,1,0.1,26.8,4,0.01,0.02,0.3,0.15,0.03,Tr,0,0,1
1291,中濃ソース　　　,0.8,0.1,30.8,7,0.02,0.04,0.4,0.18,0.04,Tr,0,0,2
1292,濃厚ソース　　　,0.9,0.1,30.9,9,0.03,0.04,0.6,0.21,0.06,Tr,0,0,2
1293,お好み焼きソース　　　,1.6,0.1,34.3,-,0.04,0.04,0.7,0.2,0.05,0.1,3,-,2
1294,トウバンジャン　　　,2,2.3,7.9,120,0.04,0.17,1,0.24,0.2,0,3,0,12
1295,チリペッパーソース　　　,0.7,0.5,5.2,130,0.03,0.08,0.3,-,-,-,0,0,-
1296,ラー油　　　,0.1,99.8,Tr,59,0,0,0.1,-,-,-,0,0,5
1297,こいくちしょうゆ　　　,7.7,0,10.1,0,0.05,0.17,1.3,0.48,0.17,0.1,0,0,0
1298,うすくちしょうゆ　　　,5.7,0,7.8,0,0.05,0.11,1,0.37,0.13,0.1,0,0,0
1299,たまりしょうゆ　　　,11.8,0,15.9,0,0.07,0.17,1.6,0.59,0.22,0.1,0,0,0
1300,さいしこみしょうゆ　　　,9.6,0,15.9,0,0.17,0.15,1.3,0.57,0.18,0.2,0,0,0
1301,しろしょうゆ　　　,2.5,0,19.2,0,0.14,0.06,0.9,0.28,0.08,0.2,0,0,0
1302,減塩しょうゆ　こいくち　,8.1,Tr,9,-,0.07,0.17,1.5,0.46,0.17,0,0,0,0
1303,だししょうゆ　,4,0,5.2,0,0.03,0.09,1.1,0.26,0.09,0.2,0,-,0
1304,照りしょうゆ　,2.4,0,36.3,0,0.01,0.05,0.4,0.13,0.05,Tr,0,-,-
1305,食塩　　　,0,0,0,0,0,0,0,0,0,0,0,0,0
1306,並塩　　　,0,0,0,0,0,0,0,0,0,0,0,0,0
1307,精製塩　家庭用　　,0,0,0,0,0,0,0,0,0,0,0,0,0
1308,精製塩　業務用　　,0,0,0,0,0,0,0,0,0,0,0,0,0
1309,黒酢　　　,1,0,9,0,0.02,0.01,0.6,0.07,0.06,0.1,0,0,0
1310,穀物酢　　　,0.1,0,2.4,0,0.01,0.01,0.1,0,0.01,0.1,0,0,0
1311,米酢　　　,0.2,0,7.4,0,0.01,0.01,0.3,0.08,0.02,0.1,0,0,0
1312,果実酢　バルサミコ酢　　,0.5,0,19.4,0,0.01,0.01,0.2,0.03,0.05,Tr,0,0,0
1313,果実酢　ぶどう酢　　,0.1,Tr,1.2,0,Tr,Tr,Tr,0.08,Tr,0.1,Tr,Tr,(Tr)
1314,果実酢　りんご酢　　,0.1,0,2.4,0,0,0.01,0.1,0.06,0.01,0.3,0,(Tr),Tr
1315,かつおだし　　　,0.5,0.1,Tr,(Tr),0.01,0.01,1.4,0.06,0.02,0.4,0,-,0
1316,昆布だし　　　,0.1,Tr,0.9,0,Tr,Tr,Tr,0,0,0,Tr,-,0
1317,かつお・昆布だし　　　,0.3,Tr,0.3,0,0.01,0.01,0.9,0.04,0.01,0.3,Tr,-,0
1318,しいたけだし　　　,0.1,0,0.9,0,Tr,0.02,0.6,0.57,0.02,0,0,0,0
1319,煮干しだし　　　,0.1,0.1,0,0,0.01,Tr,0.3,0,Tr,0.2,0,-,0
1320,鳥がらだし　　　,1.1,0.2,0,0,0.02,0.09,1.2,0.77,0.03,0.5,0,0,Tr
1321,中華だし　　　,0.8,0,0,0,0.15,0.03,1.3,0.26,0.05,0,0,-,0
1322,洋風だし　　　,1.3,0,0.3,-,0.02,0.05,1.1,0.25,0.06,0.2,0,-,0
1323,固形ブイヨン　,7,4.3,42.1,0,0.03,0.08,1.1,0.28,0.4,0.1,0,Tr,2
1324,顆粒おでん用　,9.6,0.1,32.2,0,0.02,0.11,2,0.2,0.07,0.4,0,0.2,0
1325,顆粒中華だし　　　,12.6,1.6,36.6,3,0.06,0.56,8,1.48,0.29,0.3,0,0,-
1326,顆粒和風だし　　　,24.2,0.3,31.1,0,0.03,0.2,5.5,0.18,0.06,1.4,0,0.8,0
1327,めんつゆ　ストレート　　,2.2,0,8.7,0,0.01,0.04,1.2,0.18,0.04,0.3,0,0,0
1328,めんつゆ　三倍濃厚　　,4.5,0,20,0,0.04,0.07,1.4,0.19,0.07,0.2,0,0,0
1329,甘酢　　　,0.1,0,28.4,0,0.01,0.01,0.1,0,0.01,0.1,0,0,0
1330,エビチリの素　　　,1.2,1.4,9.5,0,0.14,0.04,1.3,-,-,0,2,-,-
1331,オイスターソース　　　,7.7,0.3,18.3,0,0.01,0.07,0.8,0.14,0.04,2,Tr,-,1
1332,黄身酢　　　,6.5,13,20.3,190,0.09,0.21,Tr,1.68,0.1,1.2,0,2.3,16
1333,ごま酢　　　,4,8,30.2,0,0.08,0.06,1,0.13,0.12,0.1,0,-,-
1334,ごまだれ　　　,7.4,14.1,30.1,0,0.14,0.1,1.8,0.24,0.21,0.1,0,-,-
1335,三杯酢　　　,0.9,0,18.1,0,0.01,0.02,0.4,0.1,0.03,0.1,0,-,0
1336,二杯酢　,3.5,0,8.6,0,0.03,0.08,0.7,0.26,0.09,0.1,0,0,0
1337,すし酢　ちらし・稲荷用　,0.1,0,34.9,0,0.01,0.01,0.2,0.05,0.01,0.1,0,0,0
1338,すし酢　にぎり用　,0.2,0,14.3,0,0.01,0.01,0.2,0.07,0.02,0.1,0,0,0
1339,すし酢　巻き寿司・箱寿司用　,0.1,0,23.8,0,0.01,0.01,0.2,0.06,0.01,0.1,0,0,0
1340,中華風合わせ酢　　,3,3.4,25.6,0,0.02,0.07,0.6,0.22,0.07,0.1,0,0,Tr
1341,デミグラスソース　　　,2.9,3,11,0,0.04,0.07,1.7,0.18,0.05,0.2,-,-,-
1342,テンメンジャン　　　,8.5,7.7,38.1,0,0.04,0.11,1,0.07,0.11,0,0,0,14
1343,ナンプラー　　　,9.1,0.1,2.7,0,0.01,0.1,3.3,0.56,0.1,1.6,0,0,-
1344,冷やし中華のたれ　　　,2.6,1.5,7.5,0,0.09,0.06,1.1,0.28,0.08,Tr,0,-,0
1345,ホワイトソース　　　,1.8,6.2,9.2,0,0.01,0.05,0.2,0.17,0.02,0,0,-,2
1346,ぽん酢しょうゆ　　,3.4,0.1,8.2,1,0.05,0.08,0.6,0.37,0.08,Tr,24,0,0
1347,マーボー豆腐の素　　　,4.2,6.3,10.4,9,0.05,0.03,1,-,-,-,2,-,-
1348,マリネ液　　　,0.1,0,10.9,0,0,0,Tr,-,-,Tr,0,0,-
1349,ミートソース　　　,3.8,5,10.1,49,0.14,0.05,1.4,-,-,-,6,-,-
1350,焼き鳥のたれ　　　,3.2,0,29.6,0,0.02,0.07,0.5,0.2,0.1,Tr,0,-,-
1351,焼き肉のたれ　　　,4.3,2.2,33.1,0,0.03,0.09,0.8,0.26,0.09,0.1,1,Tr,Tr
1352,みたらしのたれ　　　,0.9,0,31,0,0.01,0.02,0.1,0.05,0.03,Tr,0,-,0
1353,ゆずこしょう　　　,1.3,0.8,9.3,22,0.04,0.05,0.9,0.22,0.17,-,2,0,0
1354,トマトピューレー　　　,1.9,0.1,9.9,52,0.09,0.07,1.5,0.47,0.2,-,10,0,10
1355,トマトペースト　　　,3.8,0.1,22,85,0.21,0.14,3.7,0.95,0.38,-,15,0,18
1356,トマトケチャップ　　　,1.7,0,27.4,56,0.08,0.04,1.3,0.32,0.07,0,9,0,5
1357,トマトソース　　　,2,0.2,8.5,40,0.09,0.08,1.3,0.24,0.12,Tr,(Tr),0,8
1358,チリソース　　　,1.8,0.1,26.3,42,0.07,0.07,1.5,0.32,0.15,0,(Tr),0,5
1359,和風ドレッシングタイプ調味料　　　,3.1,0.1,16.1,0,0.02,0.03,0.3,0.11,0.04,0,Tr,0,1
1360,フレンチドレッシング　　　,0.1,41.9,5.9,0,Tr,Tr,Tr,Tr,Tr,0,1,0,58
1361,和風ドレッシング　　　,2.2,18.4,5.1,0,0.02,0.05,0.7,0.18,0.07,0.1,Tr,-,31
1362,ごまドレッシング　　　,8.5,26.3,21.2,6,0.18,0.12,2.1,0.34,0.25,0.1,0,0.1,20
1363,サウザンアイランドドレッシング　　　,1,41.4,9.2,26,0.02,0.18,Tr,0.22,0.03,0.1,3,0.2,59
1364,マヨネーズ　全卵型　　,1.5,75.3,4.5,17,0.01,0.05,0,0.28,0.02,0.1,0,0.3,110
1365,マヨネーズ　卵黄型　　,2.8,72.3,1.7,55,0.04,0.1,0.1,0.55,0.04,0.3,0,1,140
1366,米みそ　甘みそ　　,9.7,3,37.9,0,0.05,0.1,1.5,Tr,0.04,0.1,0,0,8
1367,米みそ　淡色辛みそ　　,12.5,6,21.9,0,0.03,0.1,1.5,Tr,0.11,0.1,0,0,11
1368,米みそ　赤色辛みそ　　,13.1,5.5,21.1,0,0.03,0.1,1.5,0.23,0.12,Tr,0,0,11
1369,麦みそ　　　,9.7,4.3,30,0,0.04,0.1,1.5,0.26,0.1,Tr,0,0,9
1370,豆みそ　　　,17.2,10.5,14.5,0,0.04,0.12,1.2,0.36,0.13,Tr,0,0,19
1371,減塩みそ　　　,10.8,5.7,24.5,0,0.1,0.1,1,0.27,0.15,0.1,0,0,-
1372,だし入りみそ　　　,13.2,5.7,22.4,0,0.03,0.11,1.7,0.01,0.11,0.2,0,Tr,10
1373,即席みそ　粉末タイプ　　,21.9,9.3,43,0,0.11,2.58,0.8,0.75,0.12,-,0,0,15
1374,即席みそ　ペーストタイプ　　,8.9,3.7,15.4,0,0.04,0.27,0.4,0.42,0.07,-,0,0,6
1375,辛子酢みそ　　,5,2.1,44.6,0,0.04,0.05,0.8,-,-,0.1,0,0,-
1376,ごまみそ　　,9.4,9.9,32.9,0,0.1,0.1,1.8,0.08,0.14,0.1,0,0,7
1377,酢みそ　　,4.9,1.5,44.8,0,0.03,0.05,0.8,0,0.02,0.1,0,0,4
1378,練りみそ　　,5.5,1.7,59,0,0.03,0.06,0.8,Tr,0.03,0.1,0,0,5
1379,カレールウ　　　,6.5,34.1,44.7,6,0.09,0.06,0.1,0.38,0.07,Tr,0,0,0
1380,ハヤシルウ　　　,5.8,33.2,47.5,95,0.14,0.06,1,0.29,0.08,0,0,0,0
1381,お茶漬けの素,20.3,3.7,37.4,180,0.16,0.29,5.7,0.93,0.25,-,12,-,-
1382,酒かす　　　,14.9,1.5,23.8,0,0.03,0.26,2,0.48,0.94,0,0,0,0
1383,即席すまし汁,18.1,0.8,30.9,190,0.13,0.31,5.1,0.41,0.17,4.7,25,0.5,57
1384,ふりかけ,23.4,21.9,39.9,360,0.29,0.48,4.1,0.47,0.31,6.2,11,2.2,220
1385,みりん　　,0.1,0,54.9,0,Tr,0.02,0,0,0,0,0,0,0
1386,オールスパイス　　,5.6,5.6,75.2,3,0,0.05,2.9,-,-,0,0,0,-
1387,オニオンパウダー　　　　,8.8,1.1,79.8,0,0.3,0.1,0.6,-,-,0,10,0,-
1388,からしパウダー　　,33,14.3,43.7,3,0.73,0.26,8.5,-,-,0,0,0,-
1389,練りからし　　　,5.9,14.5,40.1,1,0.22,0.07,1.5,-,-,0,0,0,-
1390,練りマスタード　　　,4.8,10.6,13.1,4,0.14,0.04,1.1,0.27,0.1,0,Tr,(Tr),6
1391,粒入りマスタード　　　,7.6,16,12.7,3,0.32,0.05,1.8,0.28,0.14,0.1,Tr,(Tr),5
1392,カレーパウダー　　　　　,13,12.2,63.3,32,0.41,0.25,7,2.06,0.59,0.1,2,0,86
1393,クローブパウダー　　　　,7.2,13.6,66.4,10,0.04,0.27,0.9,-,-,0,0,0,-
1394,こしょう　黒　　　,11,6,66.6,15,0.1,0.24,1.2,-,-,0,0,0,-
1395,こしょう　白　,10.1,6.4,70.1,0,0.02,0.12,0.2,-,-,0,0,0,-
1396,こしょう　混合　,10.6,6.2,68.3,7,0.06,0.18,0.7,-,-,0,1,0,-
1397,さんしょうパウダー　　,10.3,6.2,69.6,17,0.1,0.45,2.8,-,-,-,0,0,-
1398,シナモンパウダー　　　　,3.6,3.5,79.6,1,0.08,0.14,1.3,-,-,0,Tr,0,-
1399,しょうがパウダー　　　,7.8,4.9,72.5,1,0.04,0.17,4.2,1.29,1.03,0,0,0,-
1400,しょうがおろし,0.7,0.6,8.6,1,0.02,0.03,0.8,-,-,-,120,0,-
1401,セージパウダー　,6.4,10.1,66.9,120,0.09,0.55,2.7,-,-,0,0,0,-
1402,タイムパウダー,6.5,5.2,69.8,82,0.09,0.69,3.4,-,-,0,0,0,-
1403,チリパウダー　　　　,15,8.2,60.1,770,0.25,0.84,7.2,-,-,0,0,0,-
1404,とうがらしパウダー,16.2,9.7,66.8,720,0.43,1.15,11.3,-,-,-,Tr,0,-
1405,ナツメグパウダー,5.7,38.5,47.5,1,0.05,0.1,0.5,-,-,0,0,0,-
1406,ガーリックパウダー　　,19.9,0.8,73.8,0,0.54,0.15,1,1.33,2.32,0,0,0,1
1407,にんにくおろし,4.7,0.5,37,0,0.11,0.04,0.2,-,-,-,0,0,-
1408,バジルパウダー,21.1,2.2,50.6,210,0.26,1.09,7.9,2.39,1.75,0,1,0,820
1409,パセリ,28.7,2.2,51.6,2300,0.89,2.02,11.7,1.68,1.47,0,820,0,1300
1410,パプリカパウダー,15.5,11.6,55.6,500,0.52,1.78,12.5,-,-,0,0,0,0
1411,わさび,3.3,10.3,39.8,1,0.11,0.07,0.7,-,-,-,0,0,-
1412,パン酵母　圧搾　　　,16.5,1.5,12.1,0,2.21,1.78,23.1,2.29,0.59,0,0,1.6,0
1413,パン酵母　乾燥　　　,37.1,6.8,43.1,0,8.81,3.72,22,5.73,1.28,0,1,2.8,0
1414,天ぷら用バッター　　,3.4,0.5,29.7,0,0.05,0.25,0.4,0.14,0.02,0,0,0,0
1415,ベーキングパウダー　　　　,0,1.2,29,0,0,0,0,0,0,0,0,0,0
1416,カレー(レトルト),3.3,7.3,9.8,23,0.11,0.05,0.4,-,-,-,1,-,-
1417,ぎょうざ　,7.1,8.1,23.8,13,0.09,0.1,0.8,-,-,-,6,-,-
1418,グラタン,4.8,6.7,13.3,71,0.04,0.08,0.4,-,-,-,1,-,-
1419,コーンクリームスープ(レトルト)　,2,4.8,8.6,2,0.03,0.07,0.5,-,-,-,2,-,-
1420,コロッケ　クリーム　　　,5.1,16.2,22.5,240,0.06,0.1,0.6,-,-,-,2,-,-
1421,コロッケ　ポテト　　,4.6,17.6,25.6,71,0.09,0.06,1.1,-,-,-,7,-,-
1422,いかフライ　,10.6,2,21.4,3,0.1,0,1.9,-,-,-,0,-,-
1423,えびフライ　,9.1,20.3,18.1,0,0.04,0.07,0.7,-,-,-,1,-,-
1424,白身フライ,9.7,21.8,16.2,57,0.1,0.1,1.2,-,-,-,1,-,-
1425,シチュー(レトルト),6,7.2,7.4,67,0.11,0.08,1.1,-,-,-,5,-,-
1426,しゅうまい,9.3,11.2,19.3,8,0.12,0.13,1.2,-,-,-,1,-,-
1427,ハンバーグ,13.3,13.4,12.3,14,0.16,0.23,1.9,-,-,-,1,-,-
1428,ピラフ,3.8,2.8,30.1,27,0.05,0.02,0.7,-,-,-,2,-,-
1429,ミートボール,11.7,16.4,12.5,36,0.1,0.17,2.3,-,-,-,1,-,-
1430,メンチカツ,9.4,20.3,21.8,36,0.13,0.14,1.5,-,-,-,1,-,-
